Observation id,Observation date,Description,Observation duration,Observation type,Source,Time offset (s),Media duration (s),FPS,Subject,Behavior,Behavioral category,Behavior type,Time,Media file name,Image index,Image file path,Comment
PID_34,2024-11-07 13:26:54.669,,858.167,Media file(s),player #1:D:/vid/NSF_VM/PID34/NSF_VM_PlannedDrive/20231128103448VCAP1.mp4,0.0,881.732,30.000,,Start/End Drive,,START,12.600,D:/vid/NSF_VM/PID34/NSF_VM_PlannedDrive/20231128103448VCAP1.mp4,378,NA,
PID_34,2024-11-07 13:26:54.669,,858.167,Media file(s),player #1:D:/vid/NSF_VM/PID34/NSF_VM_PlannedDrive/20231128103448VCAP1.mp4,0.0,881.732,30.000,,Virtual Meeting,,START,154.467,D:/vid/NSF_VM/PID34/NSF_VM_PlannedDrive/20231128103448VCAP1.mp4,4631,NA,
PID_34,2024-11-07 13:26:54.669,,858.167,Media file(s),player #1:D:/vid/NSF_VM/PID34/NSF_VM_PlannedDrive/20231128103448VCAP1.mp4,0.0,881.732,30.000,,Fixation-iPad,,START,155.300,D:/vid/NSF_VM/PID34/NSF_VM_PlannedDrive/20231128103448VCAP1.mp4,4656,NA,
PID_34,2024-11-07 13:26:54.669,,858.167,Media file(s),player #1:D:/vid/NSF_VM/PID34/NSF_VM_PlannedDrive/20231128103448VCAP1.mp4,0.0,881.732,30.000,,Fixation-iPad,,STOP,155.833,D:/vid/NSF_VM/PID34/NSF_VM_PlannedDrive/20231128103448VCAP1.mp4,4672,NA,
PID_34,2024-11-07 13:26:54.669,,858.167,Media file(s),player #1:D:/vid/NSF_VM/PID34/NSF_VM_PlannedDrive/20231128103448VCAP1.mp4,0.0,881.732,30.000,,Fixation-Road,,START,156.133,D:/vid/NSF_VM/PID34/NSF_VM_PlannedDrive/20231128103448VCAP1.mp4,4681,NA,
PID_34,2024-11-07 13:26:54.669,,858.167,Media file(s),player #1:D:/vid/NSF_VM/PID34/NSF_VM_PlannedDrive/20231128103448VCAP1.mp4,0.0,881.732,30.000,,Fixation-Road,,STOP,157.600,D:/vid/NSF_VM/PID34/NSF_VM_PlannedDrive/20231128103448VCAP1.mp4,4725,NA,
PID_34,2024-11-07 13:26:54.669,,858.167,Media file(s),player #1:D:/vid/NSF_VM/PID34/NSF_VM_PlannedDrive/20231128103448VCAP1.mp4,0.0,881.732,30.000,,Fixation-iPad,,START,157.767,D:/vid/NSF_VM/PID34/NSF_VM_PlannedDrive/20231128103448VCAP1.mp4,4730,NA,
PID_34,2024-11-07 13:26:54.669,,858.167,Media file(s),player #1:D:/vid/NSF_VM/PID34/NSF_VM_PlannedDrive/20231128103448VCAP1.mp4,0.0,881.732,30.000,,Fixation-iPad,,STOP,165.167,D:/vid/NSF_VM/PID34/NSF_VM_PlannedDrive/20231128103448VCAP1.mp4,4952,NA,
PID_34,2024-11-07 13:26:54.669,,858.167,Media file(s),player #1:D:/vid/NSF_VM/PID34/NSF_VM_PlannedDrive/20231128103448VCAP1.mp4,0.0,881.732,30.000,,Fixation-Road,,START,165.367,D:/vid/NSF_VM/PID34/NSF_VM_PlannedDrive/20231128103448VCAP1.mp4,4958,NA,
PID_34,2024-11-07 13:26:54.669,,858.167,Media file(s),player #1:D:/vid/NSF_VM/PID34/NSF_VM_PlannedDrive/20231128103448VCAP1.mp4,0.0,881.732,30.000,,Fixation-Road,,STOP,165.800,D:/vid/NSF_VM/PID34/NSF_VM_PlannedDrive/20231128103448VCAP1.mp4,4971,NA,
PID_34,2024-11-07 13:26:54.669,,858.167,Media file(s),player #1:D:/vid/NSF_VM/PID34/NSF_VM_PlannedDrive/20231128103448VCAP1.mp4,0.0,881.732,30.000,,Fixation-iPad,,START,166.000,D:/vid/NSF_VM/PID34/NSF_VM_PlannedDrive/20231128103448VCAP1.mp4,4977,NA,
PID_34,2024-11-07 13:26:54.669,,858.167,Media file(s),player #1:D:/vid/NSF_VM/PID34/NSF_VM_PlannedDrive/20231128103448VCAP1.mp4,0.0,881.732,30.000,,Fixation-iPad,,STOP,173.167,D:/vid/NSF_VM/PID34/NSF_VM_PlannedDrive/20231128103448VCAP1.mp4,5192,NA,
PID_34,2024-11-07 13:26:54.669,,858.167,Media file(s),player #1:D:/vid/NSF_VM/PID34/NSF_VM_PlannedDrive/20231128103448VCAP1.mp4,0.0,881.732,30.000,,Fixation-Road,,START,173.433,D:/vid/NSF_VM/PID34/NSF_VM_PlannedDrive/20231128103448VCAP1.mp4,5200,NA,
PID_34,2024-11-07 13:26:54.669,,858.167,Media file(s),player #1:D:/vid/NSF_VM/PID34/NSF_VM_PlannedDrive/20231128103448VCAP1.mp4,0.0,881.732,30.000,,Fixation-Road,,STOP,174.267,D:/vid/NSF_VM/PID34/NSF_VM_PlannedDrive/20231128103448VCAP1.mp4,5225,NA,
PID_34,2024-11-07 13:26:54.669,,858.167,Media file(s),player #1:D:/vid/NSF_VM/PID34/NSF_VM_PlannedDrive/20231128103448VCAP1.mp4,0.0,881.732,30.000,,Fixation-iPad,,START,174.533,D:/vid/NSF_VM/PID34/NSF_VM_PlannedDrive/20231128103448VCAP1.mp4,5233,NA,
PID_34,2024-11-07 13:26:54.669,,858.167,Media file(s),player #1:D:/vid/NSF_VM/PID34/NSF_VM_PlannedDrive/20231128103448VCAP1.mp4,0.0,881.732,30.000,,Fixation-iPad,,STOP,183.200,D:/vid/NSF_VM/PID34/NSF_VM_PlannedDrive/20231128103448VCAP1.mp4,5493,NA,
PID_34,2024-11-07 13:26:54.669,,858.167,Media file(s),player #1:D:/vid/NSF_VM/PID34/NSF_VM_PlannedDrive/20231128103448VCAP1.mp4,0.0,881.732,30.000,,Fixation-Road,,START,183.667,D:/vid/NSF_VM/PID34/NSF_VM_PlannedDrive/20231128103448VCAP1.mp4,5507,NA,
PID_34,2024-11-07 13:26:54.669,,858.167,Media file(s),player #1:D:/vid/NSF_VM/PID34/NSF_VM_PlannedDrive/20231128103448VCAP1.mp4,0.0,881.732,30.000,,Fixation-Road,,STOP,184.100,D:/vid/NSF_VM/PID34/NSF_VM_PlannedDrive/20231128103448VCAP1.mp4,5520,NA,
PID_34,2024-11-07 13:26:54.669,,858.167,Media file(s),player #1:D:/vid/NSF_VM/PID34/NSF_VM_PlannedDrive/20231128103448VCAP1.mp4,0.0,881.732,30.000,,Fixation-iPad,,START,184.533,D:/vid/NSF_VM/PID34/NSF_VM_PlannedDrive/20231128103448VCAP1.mp4,5533,NA,
PID_34,2024-11-07 13:26:54.669,,858.167,Media file(s),player #1:D:/vid/NSF_VM/PID34/NSF_VM_PlannedDrive/20231128103448VCAP1.mp4,0.0,881.732,30.000,,Fixation-iPad,,STOP,188.767,D:/vid/NSF_VM/PID34/NSF_VM_PlannedDrive/20231128103448VCAP1.mp4,5660,NA,
PID_34,2024-11-07 13:26:54.669,,858.167,Media file(s),player #1:D:/vid/NSF_VM/PID34/NSF_VM_PlannedDrive/20231128103448VCAP1.mp4,0.0,881.732,30.000,,Fixation-Road,,START,189.033,D:/vid/NSF_VM/PID34/NSF_VM_PlannedDrive/20231128103448VCAP1.mp4,5668,NA,
PID_34,2024-11-07 13:26:54.669,,858.167,Media file(s),player #1:D:/vid/NSF_VM/PID34/NSF_VM_PlannedDrive/20231128103448VCAP1.mp4,0.0,881.732,30.000,,Fixation-Road,,STOP,192.667,D:/vid/NSF_VM/PID34/NSF_VM_PlannedDrive/20231128103448VCAP1.mp4,5777,NA,
PID_34,2024-11-07 13:26:54.669,,858.167,Media file(s),player #1:D:/vid/NSF_VM/PID34/NSF_VM_PlannedDrive/20231128103448VCAP1.mp4,0.0,881.732,30.000,,Fixation-iPad,,START,193.133,D:/vid/NSF_VM/PID34/NSF_VM_PlannedDrive/20231128103448VCAP1.mp4,5791,NA,
PID_34,2024-11-07 13:26:54.669,,858.167,Media file(s),player #1:D:/vid/NSF_VM/PID34/NSF_VM_PlannedDrive/20231128103448VCAP1.mp4,0.0,881.732,30.000,,Fixation-iPad,,STOP,198.867,D:/vid/NSF_VM/PID34/NSF_VM_PlannedDrive/20231128103448VCAP1.mp4,5963,NA,
PID_34,2024-11-07 13:26:54.669,,858.167,Media file(s),player #1:D:/vid/NSF_VM/PID34/NSF_VM_PlannedDrive/20231128103448VCAP1.mp4,0.0,881.732,30.000,,Fixation-Road,,START,199.167,D:/vid/NSF_VM/PID34/NSF_VM_PlannedDrive/20231128103448VCAP1.mp4,5972,NA,
PID_34,2024-11-07 13:26:54.669,,858.167,Media file(s),player #1:D:/vid/NSF_VM/PID34/NSF_VM_PlannedDrive/20231128103448VCAP1.mp4,0.0,881.732,30.000,,Fixation-Road,,STOP,201.333,D:/vid/NSF_VM/PID34/NSF_VM_PlannedDrive/20231128103448VCAP1.mp4,6037,NA,
PID_34,2024-11-07 13:26:54.669,,858.167,Media file(s),player #1:D:/vid/NSF_VM/PID34/NSF_VM_PlannedDrive/20231128103448VCAP1.mp4,0.0,881.732,30.000,,Fixation-iPad,,START,201.800,D:/vid/NSF_VM/PID34/NSF_VM_PlannedDrive/20231128103448VCAP1.mp4,6051,NA,
PID_34,2024-11-07 13:26:54.669,,858.167,Media file(s),player #1:D:/vid/NSF_VM/PID34/NSF_VM_PlannedDrive/20231128103448VCAP1.mp4,0.0,881.732,30.000,,Fixation-iPad,,STOP,204.700,D:/vid/NSF_VM/PID34/NSF_VM_PlannedDrive/20231128103448VCAP1.mp4,6138,NA,
PID_34,2024-11-07 13:26:54.669,,858.167,Media file(s),player #1:D:/vid/NSF_VM/PID34/NSF_VM_PlannedDrive/20231128103448VCAP1.mp4,0.0,881.732,30.000,,Fixation-Road,,START,205.033,D:/vid/NSF_VM/PID34/NSF_VM_PlannedDrive/20231128103448VCAP1.mp4,6148,NA,
PID_34,2024-11-07 13:26:54.669,,858.167,Media file(s),player #1:D:/vid/NSF_VM/PID34/NSF_VM_PlannedDrive/20231128103448VCAP1.mp4,0.0,881.732,30.000,,Fixation-Road,,STOP,206.333,D:/vid/NSF_VM/PID34/NSF_VM_PlannedDrive/20231128103448VCAP1.mp4,6186,NA,
PID_34,2024-11-07 13:26:54.669,,858.167,Media file(s),player #1:D:/vid/NSF_VM/PID34/NSF_VM_PlannedDrive/20231128103448VCAP1.mp4,0.0,881.732,30.000,,Fixation-iPad,,START,206.633,D:/vid/NSF_VM/PID34/NSF_VM_PlannedDrive/20231128103448VCAP1.mp4,6195,NA,
PID_34,2024-11-07 13:26:54.669,,858.167,Media file(s),player #1:D:/vid/NSF_VM/PID34/NSF_VM_PlannedDrive/20231128103448VCAP1.mp4,0.0,881.732,30.000,,Meeting Task,,START,209.600,D:/vid/NSF_VM/PID34/NSF_VM_PlannedDrive/20231128103448VCAP1.mp4,6284,NA,
PID_34,2024-11-07 13:26:54.669,,858.167,Media file(s),player #1:D:/vid/NSF_VM/PID34/NSF_VM_PlannedDrive/20231128103448VCAP1.mp4,0.0,881.732,30.000,,Fixation-iPad,,STOP,210.200,D:/vid/NSF_VM/PID34/NSF_VM_PlannedDrive/20231128103448VCAP1.mp4,6302,NA,
PID_34,2024-11-07 13:26:54.669,,858.167,Media file(s),player #1:D:/vid/NSF_VM/PID34/NSF_VM_PlannedDrive/20231128103448VCAP1.mp4,0.0,881.732,30.000,,Fixation-Road,,START,210.467,D:/vid/NSF_VM/PID34/NSF_VM_PlannedDrive/20231128103448VCAP1.mp4,6310,NA,
PID_34,2024-11-07 13:26:54.669,,858.167,Media file(s),player #1:D:/vid/NSF_VM/PID34/NSF_VM_PlannedDrive/20231128103448VCAP1.mp4,0.0,881.732,30.000,,Fixation-Road,,STOP,210.967,D:/vid/NSF_VM/PID34/NSF_VM_PlannedDrive/20231128103448VCAP1.mp4,6325,NA,
PID_34,2024-11-07 13:26:54.669,,858.167,Media file(s),player #1:D:/vid/NSF_VM/PID34/NSF_VM_PlannedDrive/20231128103448VCAP1.mp4,0.0,881.732,30.000,,Fixation-iPad,,START,211.267,D:/vid/NSF_VM/PID34/NSF_VM_PlannedDrive/20231128103448VCAP1.mp4,6334,NA,
PID_34,2024-11-07 13:26:54.669,,858.167,Media file(s),player #1:D:/vid/NSF_VM/PID34/NSF_VM_PlannedDrive/20231128103448VCAP1.mp4,0.0,881.732,30.000,,Fixation-iPad,,STOP,213.400,D:/vid/NSF_VM/PID34/NSF_VM_PlannedDrive/20231128103448VCAP1.mp4,6398,NA,
PID_34,2024-11-07 13:26:54.669,,858.167,Media file(s),player #1:D:/vid/NSF_VM/PID34/NSF_VM_PlannedDrive/20231128103448VCAP1.mp4,0.0,881.732,30.000,,Fixation-Road,,START,213.733,D:/vid/NSF_VM/PID34/NSF_VM_PlannedDrive/20231128103448VCAP1.mp4,6408,NA,
PID_34,2024-11-07 13:26:54.669,,858.167,Media file(s),player #1:D:/vid/NSF_VM/PID34/NSF_VM_PlannedDrive/20231128103448VCAP1.mp4,0.0,881.732,30.000,,Fixation-Road,,STOP,222.300,D:/vid/NSF_VM/PID34/NSF_VM_PlannedDrive/20231128103448VCAP1.mp4,6665,NA,
PID_34,2024-11-07 13:26:54.669,,858.167,Media file(s),player #1:D:/vid/NSF_VM/PID34/NSF_VM_PlannedDrive/20231128103448VCAP1.mp4,0.0,881.732,30.000,,Fixation-iPad,,START,222.633,D:/vid/NSF_VM/PID34/NSF_VM_PlannedDrive/20231128103448VCAP1.mp4,6675,NA,
PID_34,2024-11-07 13:26:54.669,,858.167,Media file(s),player #1:D:/vid/NSF_VM/PID34/NSF_VM_PlannedDrive/20231128103448VCAP1.mp4,0.0,881.732,30.000,,Fixation-iPad,,STOP,223.100,D:/vid/NSF_VM/PID34/NSF_VM_PlannedDrive/20231128103448VCAP1.mp4,6689,NA,
PID_34,2024-11-07 13:26:54.669,,858.167,Media file(s),player #1:D:/vid/NSF_VM/PID34/NSF_VM_PlannedDrive/20231128103448VCAP1.mp4,0.0,881.732,30.000,,Fixation-Road,,START,223.367,D:/vid/NSF_VM/PID34/NSF_VM_PlannedDrive/20231128103448VCAP1.mp4,6697,NA,
PID_34,2024-11-07 13:26:54.669,,858.167,Media file(s),player #1:D:/vid/NSF_VM/PID34/NSF_VM_PlannedDrive/20231128103448VCAP1.mp4,0.0,881.732,30.000,,Fixation-Road,,STOP,224.033,D:/vid/NSF_VM/PID34/NSF_VM_PlannedDrive/20231128103448VCAP1.mp4,6717,NA,
PID_34,2024-11-07 13:26:54.669,,858.167,Media file(s),player #1:D:/vid/NSF_VM/PID34/NSF_VM_PlannedDrive/20231128103448VCAP1.mp4,0.0,881.732,30.000,,Fixation-iPad,,START,224.333,D:/vid/NSF_VM/PID34/NSF_VM_PlannedDrive/20231128103448VCAP1.mp4,6726,NA,
PID_34,2024-11-07 13:26:54.669,,858.167,Media file(s),player #1:D:/vid/NSF_VM/PID34/NSF_VM_PlannedDrive/20231128103448VCAP1.mp4,0.0,881.732,30.000,,Fixation-iPad,,STOP,231.333,D:/vid/NSF_VM/PID34/NSF_VM_PlannedDrive/20231128103448VCAP1.mp4,6936,NA,
PID_34,2024-11-07 13:26:54.669,,858.167,Media file(s),player #1:D:/vid/NSF_VM/PID34/NSF_VM_PlannedDrive/20231128103448VCAP1.mp4,0.0,881.732,30.000,,Fixation-Road,,START,231.600,D:/vid/NSF_VM/PID34/NSF_VM_PlannedDrive/20231128103448VCAP1.mp4,6944,NA,
PID_34,2024-11-07 13:26:54.669,,858.167,Media file(s),player #1:D:/vid/NSF_VM/PID34/NSF_VM_PlannedDrive/20231128103448VCAP1.mp4,0.0,881.732,30.000,,Fixation-Road,,STOP,231.933,D:/vid/NSF_VM/PID34/NSF_VM_PlannedDrive/20231128103448VCAP1.mp4,6954,NA,
PID_34,2024-11-07 13:26:54.669,,858.167,Media file(s),player #1:D:/vid/NSF_VM/PID34/NSF_VM_PlannedDrive/20231128103448VCAP1.mp4,0.0,881.732,30.000,,Fixation-iPad,,START,232.233,D:/vid/NSF_VM/PID34/NSF_VM_PlannedDrive/20231128103448VCAP1.mp4,6963,NA,
PID_34,2024-11-07 13:26:54.669,,858.167,Media file(s),player #1:D:/vid/NSF_VM/PID34/NSF_VM_PlannedDrive/20231128103448VCAP1.mp4,0.0,881.732,30.000,,Fixation-iPad,,STOP,235.433,D:/vid/NSF_VM/PID34/NSF_VM_PlannedDrive/20231128103448VCAP1.mp4,7059,NA,
PID_34,2024-11-07 13:26:54.669,,858.167,Media file(s),player #1:D:/vid/NSF_VM/PID34/NSF_VM_PlannedDrive/20231128103448VCAP1.mp4,0.0,881.732,30.000,,Fixation-Road,,START,235.667,D:/vid/NSF_VM/PID34/NSF_VM_PlannedDrive/20231128103448VCAP1.mp4,7066,NA,
PID_34,2024-11-07 13:26:54.669,,858.167,Media file(s),player #1:D:/vid/NSF_VM/PID34/NSF_VM_PlannedDrive/20231128103448VCAP1.mp4,0.0,881.732,30.000,,Fixation-Road,,STOP,236.033,D:/vid/NSF_VM/PID34/NSF_VM_PlannedDrive/20231128103448VCAP1.mp4,7077,NA,
PID_34,2024-11-07 13:26:54.669,,858.167,Media file(s),player #1:D:/vid/NSF_VM/PID34/NSF_VM_PlannedDrive/20231128103448VCAP1.mp4,0.0,881.732,30.000,,Fixation-iPad,,START,236.233,D:/vid/NSF_VM/PID34/NSF_VM_PlannedDrive/20231128103448VCAP1.mp4,7083,NA,
PID_34,2024-11-07 13:26:54.669,,858.167,Media file(s),player #1:D:/vid/NSF_VM/PID34/NSF_VM_PlannedDrive/20231128103448VCAP1.mp4,0.0,881.732,30.000,,Fixation-iPad,,STOP,237.333,D:/vid/NSF_VM/PID34/NSF_VM_PlannedDrive/20231128103448VCAP1.mp4,7116,NA,
PID_34,2024-11-07 13:26:54.669,,858.167,Media file(s),player #1:D:/vid/NSF_VM/PID34/NSF_VM_PlannedDrive/20231128103448VCAP1.mp4,0.0,881.732,30.000,,Fixation-Road,,START,237.367,D:/vid/NSF_VM/PID34/NSF_VM_PlannedDrive/20231128103448VCAP1.mp4,7117,NA,
PID_34,2024-11-07 13:26:54.669,,858.167,Media file(s),player #1:D:/vid/NSF_VM/PID34/NSF_VM_PlannedDrive/20231128103448VCAP1.mp4,0.0,881.732,30.000,,Fixation-Road,,STOP,237.667,D:/vid/NSF_VM/PID34/NSF_VM_PlannedDrive/20231128103448VCAP1.mp4,7126,NA,
PID_34,2024-11-07 13:26:54.669,,858.167,Media file(s),player #1:D:/vid/NSF_VM/PID34/NSF_VM_PlannedDrive/20231128103448VCAP1.mp4,0.0,881.732,30.000,,Fixation-iPad,,START,237.933,D:/vid/NSF_VM/PID34/NSF_VM_PlannedDrive/20231128103448VCAP1.mp4,7134,NA,
PID_34,2024-11-07 13:26:54.669,,858.167,Media file(s),player #1:D:/vid/NSF_VM/PID34/NSF_VM_PlannedDrive/20231128103448VCAP1.mp4,0.0,881.732,30.000,,Fixation-iPad,,STOP,245.467,D:/vid/NSF_VM/PID34/NSF_VM_PlannedDrive/20231128103448VCAP1.mp4,7360,NA,
PID_34,2024-11-07 13:26:54.669,,858.167,Media file(s),player #1:D:/vid/NSF_VM/PID34/NSF_VM_PlannedDrive/20231128103448VCAP1.mp4,0.0,881.732,30.000,,Fixation-Road,,START,245.667,D:/vid/NSF_VM/PID34/NSF_VM_PlannedDrive/20231128103448VCAP1.mp4,7366,NA,
PID_34,2024-11-07 13:26:54.669,,858.167,Media file(s),player #1:D:/vid/NSF_VM/PID34/NSF_VM_PlannedDrive/20231128103448VCAP1.mp4,0.0,881.732,30.000,,Fixation-Road,,STOP,245.967,D:/vid/NSF_VM/PID34/NSF_VM_PlannedDrive/20231128103448VCAP1.mp4,7375,NA,
PID_34,2024-11-07 13:26:54.669,,858.167,Media file(s),player #1:D:/vid/NSF_VM/PID34/NSF_VM_PlannedDrive/20231128103448VCAP1.mp4,0.0,881.732,30.000,,Fixation-iPad,,START,246.267,D:/vid/NSF_VM/PID34/NSF_VM_PlannedDrive/20231128103448VCAP1.mp4,7384,NA,
PID_34,2024-11-07 13:26:54.669,,858.167,Media file(s),player #1:D:/vid/NSF_VM/PID34/NSF_VM_PlannedDrive/20231128103448VCAP1.mp4,0.0,881.732,30.000,,Fixation-iPad,,STOP,250.267,D:/vid/NSF_VM/PID34/NSF_VM_PlannedDrive/20231128103448VCAP1.mp4,7504,NA,
PID_34,2024-11-07 13:26:54.669,,858.167,Media file(s),player #1:D:/vid/NSF_VM/PID34/NSF_VM_PlannedDrive/20231128103448VCAP1.mp4,0.0,881.732,30.000,,Fixation-Road,,START,250.567,D:/vid/NSF_VM/PID34/NSF_VM_PlannedDrive/20231128103448VCAP1.mp4,7513,NA,
PID_34,2024-11-07 13:26:54.669,,858.167,Media file(s),player #1:D:/vid/NSF_VM/PID34/NSF_VM_PlannedDrive/20231128103448VCAP1.mp4,0.0,881.732,30.000,,Fixation-Road,,STOP,251.100,D:/vid/NSF_VM/PID34/NSF_VM_PlannedDrive/20231128103448VCAP1.mp4,7529,NA,
PID_34,2024-11-07 13:26:54.669,,858.167,Media file(s),player #1:D:/vid/NSF_VM/PID34/NSF_VM_PlannedDrive/20231128103448VCAP1.mp4,0.0,881.732,30.000,,Fixation-iPad,,START,251.500,D:/vid/NSF_VM/PID34/NSF_VM_PlannedDrive/20231128103448VCAP1.mp4,7541,NA,
PID_34,2024-11-07 13:26:54.669,,858.167,Media file(s),player #1:D:/vid/NSF_VM/PID34/NSF_VM_PlannedDrive/20231128103448VCAP1.mp4,0.0,881.732,30.000,,Fixation-iPad,,STOP,252.367,D:/vid/NSF_VM/PID34/NSF_VM_PlannedDrive/20231128103448VCAP1.mp4,7567,NA,
PID_34,2024-11-07 13:26:54.669,,858.167,Media file(s),player #1:D:/vid/NSF_VM/PID34/NSF_VM_PlannedDrive/20231128103448VCAP1.mp4,0.0,881.732,30.000,,Fixation-Road,,START,253.033,D:/vid/NSF_VM/PID34/NSF_VM_PlannedDrive/20231128103448VCAP1.mp4,7587,NA,
PID_34,2024-11-07 13:26:54.669,,858.167,Media file(s),player #1:D:/vid/NSF_VM/PID34/NSF_VM_PlannedDrive/20231128103448VCAP1.mp4,0.0,881.732,30.000,,Fixation-Road,,STOP,253.833,D:/vid/NSF_VM/PID34/NSF_VM_PlannedDrive/20231128103448VCAP1.mp4,7611,NA,
PID_34,2024-11-07 13:26:54.669,,858.167,Media file(s),player #1:D:/vid/NSF_VM/PID34/NSF_VM_PlannedDrive/20231128103448VCAP1.mp4,0.0,881.732,30.000,,Fixation-iPad,,START,254.533,D:/vid/NSF_VM/PID34/NSF_VM_PlannedDrive/20231128103448VCAP1.mp4,7632,NA,
PID_34,2024-11-07 13:26:54.669,,858.167,Media file(s),player #1:D:/vid/NSF_VM/PID34/NSF_VM_PlannedDrive/20231128103448VCAP1.mp4,0.0,881.732,30.000,,Fixation-iPad,,STOP,259.067,D:/vid/NSF_VM/PID34/NSF_VM_PlannedDrive/20231128103448VCAP1.mp4,7768,NA,
PID_34,2024-11-07 13:26:54.669,,858.167,Media file(s),player #1:D:/vid/NSF_VM/PID34/NSF_VM_PlannedDrive/20231128103448VCAP1.mp4,0.0,881.732,30.000,,Fixation-Road,,START,259.367,D:/vid/NSF_VM/PID34/NSF_VM_PlannedDrive/20231128103448VCAP1.mp4,7777,NA,
PID_34,2024-11-07 13:26:54.669,,858.167,Media file(s),player #1:D:/vid/NSF_VM/PID34/NSF_VM_PlannedDrive/20231128103448VCAP1.mp4,0.0,881.732,30.000,,Fixation-Road,,STOP,259.900,D:/vid/NSF_VM/PID34/NSF_VM_PlannedDrive/20231128103448VCAP1.mp4,7793,NA,
PID_34,2024-11-07 13:26:54.669,,858.167,Media file(s),player #1:D:/vid/NSF_VM/PID34/NSF_VM_PlannedDrive/20231128103448VCAP1.mp4,0.0,881.732,30.000,,Fixation-iPad,,START,260.267,D:/vid/NSF_VM/PID34/NSF_VM_PlannedDrive/20231128103448VCAP1.mp4,7804,NA,
PID_34,2024-11-07 13:26:54.669,,858.167,Media file(s),player #1:D:/vid/NSF_VM/PID34/NSF_VM_PlannedDrive/20231128103448VCAP1.mp4,0.0,881.732,30.000,,Fixation-iPad,,STOP,262.600,D:/vid/NSF_VM/PID34/NSF_VM_PlannedDrive/20231128103448VCAP1.mp4,7874,NA,
PID_34,2024-11-07 13:26:54.669,,858.167,Media file(s),player #1:D:/vid/NSF_VM/PID34/NSF_VM_PlannedDrive/20231128103448VCAP1.mp4,0.0,881.732,30.000,,Fixation-Road,,START,262.900,D:/vid/NSF_VM/PID34/NSF_VM_PlannedDrive/20231128103448VCAP1.mp4,7883,NA,
PID_34,2024-11-07 13:26:54.669,,858.167,Media file(s),player #1:D:/vid/NSF_VM/PID34/NSF_VM_PlannedDrive/20231128103448VCAP1.mp4,0.0,881.732,30.000,,Fixation-Road,,STOP,263.567,D:/vid/NSF_VM/PID34/NSF_VM_PlannedDrive/20231128103448VCAP1.mp4,7903,NA,
PID_34,2024-11-07 13:26:54.669,,858.167,Media file(s),player #1:D:/vid/NSF_VM/PID34/NSF_VM_PlannedDrive/20231128103448VCAP1.mp4,0.0,881.732,30.000,,Fixation-iPad,,START,264.000,D:/vid/NSF_VM/PID34/NSF_VM_PlannedDrive/20231128103448VCAP1.mp4,7916,NA,
PID_34,2024-11-07 13:26:54.669,,858.167,Media file(s),player #1:D:/vid/NSF_VM/PID34/NSF_VM_PlannedDrive/20231128103448VCAP1.mp4,0.0,881.732,30.000,,Fixation-iPad,,STOP,267.000,D:/vid/NSF_VM/PID34/NSF_VM_PlannedDrive/20231128103448VCAP1.mp4,8005,NA,
PID_34,2024-11-07 13:26:54.669,,858.167,Media file(s),player #1:D:/vid/NSF_VM/PID34/NSF_VM_PlannedDrive/20231128103448VCAP1.mp4,0.0,881.732,30.000,,Fixation-Road,,START,267.367,D:/vid/NSF_VM/PID34/NSF_VM_PlannedDrive/20231128103448VCAP1.mp4,8016,NA,
PID_34,2024-11-07 13:26:54.669,,858.167,Media file(s),player #1:D:/vid/NSF_VM/PID34/NSF_VM_PlannedDrive/20231128103448VCAP1.mp4,0.0,881.732,30.000,,Fixation-Road,,STOP,270.300,D:/vid/NSF_VM/PID34/NSF_VM_PlannedDrive/20231128103448VCAP1.mp4,8104,NA,
PID_34,2024-11-07 13:26:54.669,,858.167,Media file(s),player #1:D:/vid/NSF_VM/PID34/NSF_VM_PlannedDrive/20231128103448VCAP1.mp4,0.0,881.732,30.000,,Fixation-iPad,,START,270.633,D:/vid/NSF_VM/PID34/NSF_VM_PlannedDrive/20231128103448VCAP1.mp4,8114,NA,
PID_34,2024-11-07 13:26:54.669,,858.167,Media file(s),player #1:D:/vid/NSF_VM/PID34/NSF_VM_PlannedDrive/20231128103448VCAP1.mp4,0.0,881.732,30.000,,Fixation-iPad,,STOP,271.133,D:/vid/NSF_VM/PID34/NSF_VM_PlannedDrive/20231128103448VCAP1.mp4,8129,NA,
PID_34,2024-11-07 13:26:54.669,,858.167,Media file(s),player #1:D:/vid/NSF_VM/PID34/NSF_VM_PlannedDrive/20231128103448VCAP1.mp4,0.0,881.732,30.000,,Fixation-Road,,START,271.500,D:/vid/NSF_VM/PID34/NSF_VM_PlannedDrive/20231128103448VCAP1.mp4,8140,NA,
PID_34,2024-11-07 13:26:54.669,,858.167,Media file(s),player #1:D:/vid/NSF_VM/PID34/NSF_VM_PlannedDrive/20231128103448VCAP1.mp4,0.0,881.732,30.000,,Fixation-Road,,STOP,275.200,D:/vid/NSF_VM/PID34/NSF_VM_PlannedDrive/20231128103448VCAP1.mp4,8251,NA,
PID_34,2024-11-07 13:26:54.669,,858.167,Media file(s),player #1:D:/vid/NSF_VM/PID34/NSF_VM_PlannedDrive/20231128103448VCAP1.mp4,0.0,881.732,30.000,,Fixation-iPad,,START,275.567,D:/vid/NSF_VM/PID34/NSF_VM_PlannedDrive/20231128103448VCAP1.mp4,8262,NA,
PID_34,2024-11-07 13:26:54.669,,858.167,Media file(s),player #1:D:/vid/NSF_VM/PID34/NSF_VM_PlannedDrive/20231128103448VCAP1.mp4,0.0,881.732,30.000,,Fixation-iPad,,STOP,284.767,D:/vid/NSF_VM/PID34/NSF_VM_PlannedDrive/20231128103448VCAP1.mp4,8538,NA,
PID_34,2024-11-07 13:26:54.669,,858.167,Media file(s),player #1:D:/vid/NSF_VM/PID34/NSF_VM_PlannedDrive/20231128103448VCAP1.mp4,0.0,881.732,30.000,,Fixation-Road,,START,285.133,D:/vid/NSF_VM/PID34/NSF_VM_PlannedDrive/20231128103448VCAP1.mp4,8549,NA,
PID_34,2024-11-07 13:26:54.669,,858.167,Media file(s),player #1:D:/vid/NSF_VM/PID34/NSF_VM_PlannedDrive/20231128103448VCAP1.mp4,0.0,881.732,30.000,,Fixation-Road,,STOP,285.400,D:/vid/NSF_VM/PID34/NSF_VM_PlannedDrive/20231128103448VCAP1.mp4,8557,NA,
PID_34,2024-11-07 13:26:54.669,,858.167,Media file(s),player #1:D:/vid/NSF_VM/PID34/NSF_VM_PlannedDrive/20231128103448VCAP1.mp4,0.0,881.732,30.000,,Fixation-iPad,,START,285.767,D:/vid/NSF_VM/PID34/NSF_VM_PlannedDrive/20231128103448VCAP1.mp4,8568,NA,
PID_34,2024-11-07 13:26:54.669,,858.167,Media file(s),player #1:D:/vid/NSF_VM/PID34/NSF_VM_PlannedDrive/20231128103448VCAP1.mp4,0.0,881.732,30.000,,Meeting Task,,STOP,286.833,D:/vid/NSF_VM/PID34/NSF_VM_PlannedDrive/20231128103448VCAP1.mp4,8600,NA,
PID_34,2024-11-07 13:26:54.669,,858.167,Media file(s),player #1:D:/vid/NSF_VM/PID34/NSF_VM_PlannedDrive/20231128103448VCAP1.mp4,0.0,881.732,30.000,,Meeting Task,,START,287.000,D:/vid/NSF_VM/PID34/NSF_VM_PlannedDrive/20231128103448VCAP1.mp4,8605,NA,
PID_34,2024-11-07 13:26:54.669,,858.167,Media file(s),player #1:D:/vid/NSF_VM/PID34/NSF_VM_PlannedDrive/20231128103448VCAP1.mp4,0.0,881.732,30.000,,Fixation-iPad,,STOP,288.333,D:/vid/NSF_VM/PID34/NSF_VM_PlannedDrive/20231128103448VCAP1.mp4,8645,NA,
PID_34,2024-11-07 13:26:54.669,,858.167,Media file(s),player #1:D:/vid/NSF_VM/PID34/NSF_VM_PlannedDrive/20231128103448VCAP1.mp4,0.0,881.732,30.000,,Fixation-Road,,START,288.733,D:/vid/NSF_VM/PID34/NSF_VM_PlannedDrive/20231128103448VCAP1.mp4,8657,NA,
PID_34,2024-11-07 13:26:54.669,,858.167,Media file(s),player #1:D:/vid/NSF_VM/PID34/NSF_VM_PlannedDrive/20231128103448VCAP1.mp4,0.0,881.732,30.000,,Fixation-Road,,STOP,290.967,D:/vid/NSF_VM/PID34/NSF_VM_PlannedDrive/20231128103448VCAP1.mp4,8724,NA,
PID_34,2024-11-07 13:26:54.669,,858.167,Media file(s),player #1:D:/vid/NSF_VM/PID34/NSF_VM_PlannedDrive/20231128103448VCAP1.mp4,0.0,881.732,30.000,,Fixation-iPad,,START,291.467,D:/vid/NSF_VM/PID34/NSF_VM_PlannedDrive/20231128103448VCAP1.mp4,8739,NA,
PID_34,2024-11-07 13:26:54.669,,858.167,Media file(s),player #1:D:/vid/NSF_VM/PID34/NSF_VM_PlannedDrive/20231128103448VCAP1.mp4,0.0,881.732,30.000,,Fixation-iPad,,STOP,293.767,D:/vid/NSF_VM/PID34/NSF_VM_PlannedDrive/20231128103448VCAP1.mp4,8808,NA,
PID_34,2024-11-07 13:26:54.669,,858.167,Media file(s),player #1:D:/vid/NSF_VM/PID34/NSF_VM_PlannedDrive/20231128103448VCAP1.mp4,0.0,881.732,30.000,,Fixation-Road,,START,294.067,D:/vid/NSF_VM/PID34/NSF_VM_PlannedDrive/20231128103448VCAP1.mp4,8817,NA,
PID_34,2024-11-07 13:26:54.669,,858.167,Media file(s),player #1:D:/vid/NSF_VM/PID34/NSF_VM_PlannedDrive/20231128103448VCAP1.mp4,0.0,881.732,30.000,,Fixation-Road,,STOP,295.833,D:/vid/NSF_VM/PID34/NSF_VM_PlannedDrive/20231128103448VCAP1.mp4,8870,NA,
PID_34,2024-11-07 13:26:54.669,,858.167,Media file(s),player #1:D:/vid/NSF_VM/PID34/NSF_VM_PlannedDrive/20231128103448VCAP1.mp4,0.0,881.732,30.000,,Fixation-iPad,,START,296.167,D:/vid/NSF_VM/PID34/NSF_VM_PlannedDrive/20231128103448VCAP1.mp4,8880,NA,
PID_34,2024-11-07 13:26:54.669,,858.167,Media file(s),player #1:D:/vid/NSF_VM/PID34/NSF_VM_PlannedDrive/20231128103448VCAP1.mp4,0.0,881.732,30.000,,Fixation-iPad,,STOP,300.567,D:/vid/NSF_VM/PID34/NSF_VM_PlannedDrive/20231128103448VCAP1.mp4,9012,NA,
PID_34,2024-11-07 13:26:54.669,,858.167,Media file(s),player #1:D:/vid/NSF_VM/PID34/NSF_VM_PlannedDrive/20231128103448VCAP1.mp4,0.0,881.732,30.000,,Fixation-Road,,START,300.933,D:/vid/NSF_VM/PID34/NSF_VM_PlannedDrive/20231128103448VCAP1.mp4,9023,NA,
PID_34,2024-11-07 13:26:54.669,,858.167,Media file(s),player #1:D:/vid/NSF_VM/PID34/NSF_VM_PlannedDrive/20231128103448VCAP1.mp4,0.0,881.732,30.000,,Fixation-Road,,STOP,304.067,D:/vid/NSF_VM/PID34/NSF_VM_PlannedDrive/20231128103448VCAP1.mp4,9117,NA,
PID_34,2024-11-07 13:26:54.669,,858.167,Media file(s),player #1:D:/vid/NSF_VM/PID34/NSF_VM_PlannedDrive/20231128103448VCAP1.mp4,0.0,881.732,30.000,,Fixation-iPad,,START,304.400,D:/vid/NSF_VM/PID34/NSF_VM_PlannedDrive/20231128103448VCAP1.mp4,9127,NA,
PID_34,2024-11-07 13:26:54.669,,858.167,Media file(s),player #1:D:/vid/NSF_VM/PID34/NSF_VM_PlannedDrive/20231128103448VCAP1.mp4,0.0,881.732,30.000,,Fixation-iPad,,STOP,305.867,D:/vid/NSF_VM/PID34/NSF_VM_PlannedDrive/20231128103448VCAP1.mp4,9171,NA,
PID_34,2024-11-07 13:26:54.669,,858.167,Media file(s),player #1:D:/vid/NSF_VM/PID34/NSF_VM_PlannedDrive/20231128103448VCAP1.mp4,0.0,881.732,30.000,,Fixation-Road,,START,306.233,D:/vid/NSF_VM/PID34/NSF_VM_PlannedDrive/20231128103448VCAP1.mp4,9182,NA,
PID_34,2024-11-07 13:26:54.669,,858.167,Media file(s),player #1:D:/vid/NSF_VM/PID34/NSF_VM_PlannedDrive/20231128103448VCAP1.mp4,0.0,881.732,30.000,,Fixation-Road,,STOP,313.133,D:/vid/NSF_VM/PID34/NSF_VM_PlannedDrive/20231128103448VCAP1.mp4,9389,NA,
PID_34,2024-11-07 13:26:54.669,,858.167,Media file(s),player #1:D:/vid/NSF_VM/PID34/NSF_VM_PlannedDrive/20231128103448VCAP1.mp4,0.0,881.732,30.000,,Fixation-iPad,,START,313.533,D:/vid/NSF_VM/PID34/NSF_VM_PlannedDrive/20231128103448VCAP1.mp4,9401,NA,
PID_34,2024-11-07 13:26:54.669,,858.167,Media file(s),player #1:D:/vid/NSF_VM/PID34/NSF_VM_PlannedDrive/20231128103448VCAP1.mp4,0.0,881.732,30.000,,Fixation-iPad,,STOP,314.700,D:/vid/NSF_VM/PID34/NSF_VM_PlannedDrive/20231128103448VCAP1.mp4,9436,NA,
PID_34,2024-11-07 13:26:54.669,,858.167,Media file(s),player #1:D:/vid/NSF_VM/PID34/NSF_VM_PlannedDrive/20231128103448VCAP1.mp4,0.0,881.732,30.000,,Fixation-Road,,START,315.067,D:/vid/NSF_VM/PID34/NSF_VM_PlannedDrive/20231128103448VCAP1.mp4,9447,NA,
PID_34,2024-11-07 13:26:54.669,,858.167,Media file(s),player #1:D:/vid/NSF_VM/PID34/NSF_VM_PlannedDrive/20231128103448VCAP1.mp4,0.0,881.732,30.000,,Fixation-Road,,STOP,319.867,D:/vid/NSF_VM/PID34/NSF_VM_PlannedDrive/20231128103448VCAP1.mp4,9591,NA,
PID_34,2024-11-07 13:26:54.669,,858.167,Media file(s),player #1:D:/vid/NSF_VM/PID34/NSF_VM_PlannedDrive/20231128103448VCAP1.mp4,0.0,881.732,30.000,,Fixation-iPad,,START,320.200,D:/vid/NSF_VM/PID34/NSF_VM_PlannedDrive/20231128103448VCAP1.mp4,9601,NA,
PID_34,2024-11-07 13:26:54.669,,858.167,Media file(s),player #1:D:/vid/NSF_VM/PID34/NSF_VM_PlannedDrive/20231128103448VCAP1.mp4,0.0,881.732,30.000,,Fixation-iPad,,STOP,322.900,D:/vid/NSF_VM/PID34/NSF_VM_PlannedDrive/20231128103448VCAP1.mp4,9682,NA,
PID_34,2024-11-07 13:26:54.669,,858.167,Media file(s),player #1:D:/vid/NSF_VM/PID34/NSF_VM_PlannedDrive/20231128103448VCAP1.mp4,0.0,881.732,30.000,,Fixation-Road,,START,323.400,D:/vid/NSF_VM/PID34/NSF_VM_PlannedDrive/20231128103448VCAP1.mp4,9697,NA,
PID_34,2024-11-07 13:26:54.669,,858.167,Media file(s),player #1:D:/vid/NSF_VM/PID34/NSF_VM_PlannedDrive/20231128103448VCAP1.mp4,0.0,881.732,30.000,,Fixation-Road,,STOP,329.333,D:/vid/NSF_VM/PID34/NSF_VM_PlannedDrive/20231128103448VCAP1.mp4,9874,NA,
PID_34,2024-11-07 13:26:54.669,,858.167,Media file(s),player #1:D:/vid/NSF_VM/PID34/NSF_VM_PlannedDrive/20231128103448VCAP1.mp4,0.0,881.732,30.000,,Fixation-iPad,,START,329.700,D:/vid/NSF_VM/PID34/NSF_VM_PlannedDrive/20231128103448VCAP1.mp4,9885,NA,
PID_34,2024-11-07 13:26:54.669,,858.167,Media file(s),player #1:D:/vid/NSF_VM/PID34/NSF_VM_PlannedDrive/20231128103448VCAP1.mp4,0.0,881.732,30.000,,Fixation-iPad,,STOP,331.400,D:/vid/NSF_VM/PID34/NSF_VM_PlannedDrive/20231128103448VCAP1.mp4,9936,NA,
PID_34,2024-11-07 13:26:54.669,,858.167,Media file(s),player #1:D:/vid/NSF_VM/PID34/NSF_VM_PlannedDrive/20231128103448VCAP1.mp4,0.0,881.732,30.000,,Fixation-Road,,START,332.033,D:/vid/NSF_VM/PID34/NSF_VM_PlannedDrive/20231128103448VCAP1.mp4,9955,NA,
PID_34,2024-11-07 13:26:54.669,,858.167,Media file(s),player #1:D:/vid/NSF_VM/PID34/NSF_VM_PlannedDrive/20231128103448VCAP1.mp4,0.0,881.732,30.000,,Fixation-Road,,STOP,335.567,D:/vid/NSF_VM/PID34/NSF_VM_PlannedDrive/20231128103448VCAP1.mp4,10061,NA,
PID_34,2024-11-07 13:26:54.669,,858.167,Media file(s),player #1:D:/vid/NSF_VM/PID34/NSF_VM_PlannedDrive/20231128103448VCAP1.mp4,0.0,881.732,30.000,,Fixation-iPad,,START,335.833,D:/vid/NSF_VM/PID34/NSF_VM_PlannedDrive/20231128103448VCAP1.mp4,10069,NA,
PID_34,2024-11-07 13:26:54.669,,858.167,Media file(s),player #1:D:/vid/NSF_VM/PID34/NSF_VM_PlannedDrive/20231128103448VCAP1.mp4,0.0,881.732,30.000,,Fixation-iPad,,STOP,337.867,D:/vid/NSF_VM/PID34/NSF_VM_PlannedDrive/20231128103448VCAP1.mp4,10130,NA,
PID_34,2024-11-07 13:26:54.669,,858.167,Media file(s),player #1:D:/vid/NSF_VM/PID34/NSF_VM_PlannedDrive/20231128103448VCAP1.mp4,0.0,881.732,30.000,,Fixation-Road,,START,338.300,D:/vid/NSF_VM/PID34/NSF_VM_PlannedDrive/20231128103448VCAP1.mp4,10143,NA,
PID_34,2024-11-07 13:26:54.669,,858.167,Media file(s),player #1:D:/vid/NSF_VM/PID34/NSF_VM_PlannedDrive/20231128103448VCAP1.mp4,0.0,881.732,30.000,,Fixation-Road,,STOP,341.733,D:/vid/NSF_VM/PID34/NSF_VM_PlannedDrive/20231128103448VCAP1.mp4,10246,NA,
PID_34,2024-11-07 13:26:54.669,,858.167,Media file(s),player #1:D:/vid/NSF_VM/PID34/NSF_VM_PlannedDrive/20231128103448VCAP1.mp4,0.0,881.732,30.000,,Fixation-iPad,,START,342.233,D:/vid/NSF_VM/PID34/NSF_VM_PlannedDrive/20231128103448VCAP1.mp4,10261,NA,
PID_34,2024-11-07 13:26:54.669,,858.167,Media file(s),player #1:D:/vid/NSF_VM/PID34/NSF_VM_PlannedDrive/20231128103448VCAP1.mp4,0.0,881.732,30.000,,Fixation-iPad,,STOP,345.467,D:/vid/NSF_VM/PID34/NSF_VM_PlannedDrive/20231128103448VCAP1.mp4,10358,NA,
PID_34,2024-11-07 13:26:54.669,,858.167,Media file(s),player #1:D:/vid/NSF_VM/PID34/NSF_VM_PlannedDrive/20231128103448VCAP1.mp4,0.0,881.732,30.000,,Fixation-Road,,START,345.833,D:/vid/NSF_VM/PID34/NSF_VM_PlannedDrive/20231128103448VCAP1.mp4,10369,NA,
PID_34,2024-11-07 13:26:54.669,,858.167,Media file(s),player #1:D:/vid/NSF_VM/PID34/NSF_VM_PlannedDrive/20231128103448VCAP1.mp4,0.0,881.732,30.000,,Fixation-Road,,STOP,348.600,D:/vid/NSF_VM/PID34/NSF_VM_PlannedDrive/20231128103448VCAP1.mp4,10452,NA,
PID_34,2024-11-07 13:26:54.669,,858.167,Media file(s),player #1:D:/vid/NSF_VM/PID34/NSF_VM_PlannedDrive/20231128103448VCAP1.mp4,0.0,881.732,30.000,,Fixation-iPad,,START,348.933,D:/vid/NSF_VM/PID34/NSF_VM_PlannedDrive/20231128103448VCAP1.mp4,10462,NA,
PID_34,2024-11-07 13:26:54.669,,858.167,Media file(s),player #1:D:/vid/NSF_VM/PID34/NSF_VM_PlannedDrive/20231128103448VCAP1.mp4,0.0,881.732,30.000,,Fixation-iPad,,STOP,350.633,D:/vid/NSF_VM/PID34/NSF_VM_PlannedDrive/20231128103448VCAP1.mp4,10513,NA,
PID_34,2024-11-07 13:26:54.669,,858.167,Media file(s),player #1:D:/vid/NSF_VM/PID34/NSF_VM_PlannedDrive/20231128103448VCAP1.mp4,0.0,881.732,30.000,,Fixation-Road,,START,351.067,D:/vid/NSF_VM/PID34/NSF_VM_PlannedDrive/20231128103448VCAP1.mp4,10526,NA,
PID_34,2024-11-07 13:26:54.669,,858.167,Media file(s),player #1:D:/vid/NSF_VM/PID34/NSF_VM_PlannedDrive/20231128103448VCAP1.mp4,0.0,881.732,30.000,,Fixation-Road,,STOP,352.300,D:/vid/NSF_VM/PID34/NSF_VM_PlannedDrive/20231128103448VCAP1.mp4,10563,NA,
PID_34,2024-11-07 13:26:54.669,,858.167,Media file(s),player #1:D:/vid/NSF_VM/PID34/NSF_VM_PlannedDrive/20231128103448VCAP1.mp4,0.0,881.732,30.000,,Fixation-iPad,,START,352.700,D:/vid/NSF_VM/PID34/NSF_VM_PlannedDrive/20231128103448VCAP1.mp4,10575,NA,
PID_34,2024-11-07 13:26:54.669,,858.167,Media file(s),player #1:D:/vid/NSF_VM/PID34/NSF_VM_PlannedDrive/20231128103448VCAP1.mp4,0.0,881.732,30.000,,Fixation-iPad,,STOP,362.767,D:/vid/NSF_VM/PID34/NSF_VM_PlannedDrive/20231128103448VCAP1.mp4,10877,NA,
PID_34,2024-11-07 13:26:54.669,,858.167,Media file(s),player #1:D:/vid/NSF_VM/PID34/NSF_VM_PlannedDrive/20231128103448VCAP1.mp4,0.0,881.732,30.000,,Fixation-Road,,START,363.167,D:/vid/NSF_VM/PID34/NSF_VM_PlannedDrive/20231128103448VCAP1.mp4,10889,NA,
PID_34,2024-11-07 13:26:54.669,,858.167,Media file(s),player #1:D:/vid/NSF_VM/PID34/NSF_VM_PlannedDrive/20231128103448VCAP1.mp4,0.0,881.732,30.000,,Fixation-Road,,STOP,366.133,D:/vid/NSF_VM/PID34/NSF_VM_PlannedDrive/20231128103448VCAP1.mp4,10978,NA,
PID_34,2024-11-07 13:26:54.669,,858.167,Media file(s),player #1:D:/vid/NSF_VM/PID34/NSF_VM_PlannedDrive/20231128103448VCAP1.mp4,0.0,881.732,30.000,,Fixation-iPad,,START,366.467,D:/vid/NSF_VM/PID34/NSF_VM_PlannedDrive/20231128103448VCAP1.mp4,10988,NA,
PID_34,2024-11-07 13:26:54.669,,858.167,Media file(s),player #1:D:/vid/NSF_VM/PID34/NSF_VM_PlannedDrive/20231128103448VCAP1.mp4,0.0,881.732,30.000,,Meeting Task,,STOP,367.933,D:/vid/NSF_VM/PID34/NSF_VM_PlannedDrive/20231128103448VCAP1.mp4,11032,NA,
PID_34,2024-11-07 13:26:54.669,,858.167,Media file(s),player #1:D:/vid/NSF_VM/PID34/NSF_VM_PlannedDrive/20231128103448VCAP1.mp4,0.0,881.732,30.000,,Meeting Task,,START,368.100,D:/vid/NSF_VM/PID34/NSF_VM_PlannedDrive/20231128103448VCAP1.mp4,11037,NA,
PID_34,2024-11-07 13:26:54.669,,858.167,Media file(s),player #1:D:/vid/NSF_VM/PID34/NSF_VM_PlannedDrive/20231128103448VCAP1.mp4,0.0,881.732,30.000,,Fixation-iPad,,STOP,368.400,D:/vid/NSF_VM/PID34/NSF_VM_PlannedDrive/20231128103448VCAP1.mp4,11046,NA,
PID_34,2024-11-07 13:26:54.669,,858.167,Media file(s),player #1:D:/vid/NSF_VM/PID34/NSF_VM_PlannedDrive/20231128103448VCAP1.mp4,0.0,881.732,30.000,,Fixation-Road,,START,368.833,D:/vid/NSF_VM/PID34/NSF_VM_PlannedDrive/20231128103448VCAP1.mp4,11059,NA,
PID_34,2024-11-07 13:26:54.669,,858.167,Media file(s),player #1:D:/vid/NSF_VM/PID34/NSF_VM_PlannedDrive/20231128103448VCAP1.mp4,0.0,881.732,30.000,,Fixation-Road,,STOP,375.500,D:/vid/NSF_VM/PID34/NSF_VM_PlannedDrive/20231128103448VCAP1.mp4,11259,NA,
PID_34,2024-11-07 13:26:54.669,,858.167,Media file(s),player #1:D:/vid/NSF_VM/PID34/NSF_VM_PlannedDrive/20231128103448VCAP1.mp4,0.0,881.732,30.000,,Fixation-iPad,,START,376.000,D:/vid/NSF_VM/PID34/NSF_VM_PlannedDrive/20231128103448VCAP1.mp4,11274,NA,
PID_34,2024-11-07 13:26:54.669,,858.167,Media file(s),player #1:D:/vid/NSF_VM/PID34/NSF_VM_PlannedDrive/20231128103448VCAP1.mp4,0.0,881.732,30.000,,Fixation-iPad,,STOP,377.767,D:/vid/NSF_VM/PID34/NSF_VM_PlannedDrive/20231128103448VCAP1.mp4,11327,NA,
PID_34,2024-11-07 13:26:54.669,,858.167,Media file(s),player #1:D:/vid/NSF_VM/PID34/NSF_VM_PlannedDrive/20231128103448VCAP1.mp4,0.0,881.732,30.000,,Fixation-Road,,START,378.067,D:/vid/NSF_VM/PID34/NSF_VM_PlannedDrive/20231128103448VCAP1.mp4,11336,NA,
PID_34,2024-11-07 13:26:54.669,,858.167,Media file(s),player #1:D:/vid/NSF_VM/PID34/NSF_VM_PlannedDrive/20231128103448VCAP1.mp4,0.0,881.732,30.000,,Fixation-Road,,STOP,379.900,D:/vid/NSF_VM/PID34/NSF_VM_PlannedDrive/20231128103448VCAP1.mp4,11391,NA,
PID_34,2024-11-07 13:26:54.669,,858.167,Media file(s),player #1:D:/vid/NSF_VM/PID34/NSF_VM_PlannedDrive/20231128103448VCAP1.mp4,0.0,881.732,30.000,,Fixation-iPad,,START,380.333,D:/vid/NSF_VM/PID34/NSF_VM_PlannedDrive/20231128103448VCAP1.mp4,11404,NA,
PID_34,2024-11-07 13:26:54.669,,858.167,Media file(s),player #1:D:/vid/NSF_VM/PID34/NSF_VM_PlannedDrive/20231128103448VCAP1.mp4,0.0,881.732,30.000,,Fixation-iPad,,STOP,381.400,D:/vid/NSF_VM/PID34/NSF_VM_PlannedDrive/20231128103448VCAP1.mp4,11436,NA,
PID_34,2024-11-07 13:26:54.669,,858.167,Media file(s),player #1:D:/vid/NSF_VM/PID34/NSF_VM_PlannedDrive/20231128103448VCAP1.mp4,0.0,881.732,30.000,,Fixation-Road,,START,381.967,D:/vid/NSF_VM/PID34/NSF_VM_PlannedDrive/20231128103448VCAP1.mp4,11453,NA,
PID_34,2024-11-07 13:26:54.669,,858.167,Media file(s),player #1:D:/vid/NSF_VM/PID34/NSF_VM_PlannedDrive/20231128103448VCAP1.mp4,0.0,881.732,30.000,,Fixation-Road,,STOP,386.433,D:/vid/NSF_VM/PID34/NSF_VM_PlannedDrive/20231128103448VCAP1.mp4,11586,NA,
PID_34,2024-11-07 13:26:54.669,,858.167,Media file(s),player #1:D:/vid/NSF_VM/PID34/NSF_VM_PlannedDrive/20231128103448VCAP1.mp4,0.0,881.732,30.000,,Fixation-iPad,,START,387.000,D:/vid/NSF_VM/PID34/NSF_VM_PlannedDrive/20231128103448VCAP1.mp4,11603,NA,
PID_34,2024-11-07 13:26:54.669,,858.167,Media file(s),player #1:D:/vid/NSF_VM/PID34/NSF_VM_PlannedDrive/20231128103448VCAP1.mp4,0.0,881.732,30.000,,Fixation-iPad,,STOP,388.067,D:/vid/NSF_VM/PID34/NSF_VM_PlannedDrive/20231128103448VCAP1.mp4,11635,NA,
PID_34,2024-11-07 13:26:54.669,,858.167,Media file(s),player #1:D:/vid/NSF_VM/PID34/NSF_VM_PlannedDrive/20231128103448VCAP1.mp4,0.0,881.732,30.000,,Fixation-Road,,START,388.567,D:/vid/NSF_VM/PID34/NSF_VM_PlannedDrive/20231128103448VCAP1.mp4,11650,NA,
PID_34,2024-11-07 13:26:54.669,,858.167,Media file(s),player #1:D:/vid/NSF_VM/PID34/NSF_VM_PlannedDrive/20231128103448VCAP1.mp4,0.0,881.732,30.000,,Fixation-Road,,STOP,388.733,D:/vid/NSF_VM/PID34/NSF_VM_PlannedDrive/20231128103448VCAP1.mp4,11655,NA,
PID_34,2024-11-07 13:26:54.669,,858.167,Media file(s),player #1:D:/vid/NSF_VM/PID34/NSF_VM_PlannedDrive/20231128103448VCAP1.mp4,0.0,881.732,30.000,,Fixation-iPad,,START,389.133,D:/vid/NSF_VM/PID34/NSF_VM_PlannedDrive/20231128103448VCAP1.mp4,11667,NA,
PID_34,2024-11-07 13:26:54.669,,858.167,Media file(s),player #1:D:/vid/NSF_VM/PID34/NSF_VM_PlannedDrive/20231128103448VCAP1.mp4,0.0,881.732,30.000,,Fixation-iPad,,STOP,389.800,D:/vid/NSF_VM/PID34/NSF_VM_PlannedDrive/20231128103448VCAP1.mp4,11687,NA,
PID_34,2024-11-07 13:26:54.669,,858.167,Media file(s),player #1:D:/vid/NSF_VM/PID34/NSF_VM_PlannedDrive/20231128103448VCAP1.mp4,0.0,881.732,30.000,,Fixation-Road,,START,390.133,D:/vid/NSF_VM/PID34/NSF_VM_PlannedDrive/20231128103448VCAP1.mp4,11697,NA,
PID_34,2024-11-07 13:26:54.669,,858.167,Media file(s),player #1:D:/vid/NSF_VM/PID34/NSF_VM_PlannedDrive/20231128103448VCAP1.mp4,0.0,881.732,30.000,,Fixation-Road,,STOP,400.633,D:/vid/NSF_VM/PID34/NSF_VM_PlannedDrive/20231128103448VCAP1.mp4,12012,NA,
PID_34,2024-11-07 13:26:54.669,,858.167,Media file(s),player #1:D:/vid/NSF_VM/PID34/NSF_VM_PlannedDrive/20231128103448VCAP1.mp4,0.0,881.732,30.000,,Fixation-iPad,,START,401.100,D:/vid/NSF_VM/PID34/NSF_VM_PlannedDrive/20231128103448VCAP1.mp4,12026,NA,
PID_34,2024-11-07 13:26:54.669,,858.167,Media file(s),player #1:D:/vid/NSF_VM/PID34/NSF_VM_PlannedDrive/20231128103448VCAP1.mp4,0.0,881.732,30.000,,Fixation-iPad,,STOP,403.133,D:/vid/NSF_VM/PID34/NSF_VM_PlannedDrive/20231128103448VCAP1.mp4,12087,NA,
PID_34,2024-11-07 13:26:54.669,,858.167,Media file(s),player #1:D:/vid/NSF_VM/PID34/NSF_VM_PlannedDrive/20231128103448VCAP1.mp4,0.0,881.732,30.000,,Fixation-Road,,START,403.467,D:/vid/NSF_VM/PID34/NSF_VM_PlannedDrive/20231128103448VCAP1.mp4,12097,NA,
PID_34,2024-11-07 13:26:54.669,,858.167,Media file(s),player #1:D:/vid/NSF_VM/PID34/NSF_VM_PlannedDrive/20231128103448VCAP1.mp4,0.0,881.732,30.000,,Fixation-Road,,STOP,404.767,D:/vid/NSF_VM/PID34/NSF_VM_PlannedDrive/20231128103448VCAP1.mp4,12136,NA,
PID_34,2024-11-07 13:26:54.669,,858.167,Media file(s),player #1:D:/vid/NSF_VM/PID34/NSF_VM_PlannedDrive/20231128103448VCAP1.mp4,0.0,881.732,30.000,,Fixation-iPad,,START,405.100,D:/vid/NSF_VM/PID34/NSF_VM_PlannedDrive/20231128103448VCAP1.mp4,12146,NA,
PID_34,2024-11-07 13:26:54.669,,858.167,Media file(s),player #1:D:/vid/NSF_VM/PID34/NSF_VM_PlannedDrive/20231128103448VCAP1.mp4,0.0,881.732,30.000,,Fixation-iPad,,STOP,407.767,D:/vid/NSF_VM/PID34/NSF_VM_PlannedDrive/20231128103448VCAP1.mp4,12226,NA,
PID_34,2024-11-07 13:26:54.669,,858.167,Media file(s),player #1:D:/vid/NSF_VM/PID34/NSF_VM_PlannedDrive/20231128103448VCAP1.mp4,0.0,881.732,30.000,,Fixation-Road,,START,408.167,D:/vid/NSF_VM/PID34/NSF_VM_PlannedDrive/20231128103448VCAP1.mp4,12238,NA,
PID_34,2024-11-07 13:26:54.669,,858.167,Media file(s),player #1:D:/vid/NSF_VM/PID34/NSF_VM_PlannedDrive/20231128103448VCAP1.mp4,0.0,881.732,30.000,,Fixation-Road,,STOP,413.333,D:/vid/NSF_VM/PID34/NSF_VM_PlannedDrive/20231128103448VCAP1.mp4,12393,NA,
PID_34,2024-11-07 13:26:54.669,,858.167,Media file(s),player #1:D:/vid/NSF_VM/PID34/NSF_VM_PlannedDrive/20231128103448VCAP1.mp4,0.0,881.732,30.000,,Fixation-iPad,,START,413.700,D:/vid/NSF_VM/PID34/NSF_VM_PlannedDrive/20231128103448VCAP1.mp4,12404,NA,
PID_34,2024-11-07 13:26:54.669,,858.167,Media file(s),player #1:D:/vid/NSF_VM/PID34/NSF_VM_PlannedDrive/20231128103448VCAP1.mp4,0.0,881.732,30.000,,Fixation-iPad,,STOP,416.500,D:/vid/NSF_VM/PID34/NSF_VM_PlannedDrive/20231128103448VCAP1.mp4,12488,NA,
PID_34,2024-11-07 13:26:54.669,,858.167,Media file(s),player #1:D:/vid/NSF_VM/PID34/NSF_VM_PlannedDrive/20231128103448VCAP1.mp4,0.0,881.732,30.000,,Fixation-Road,,START,416.867,D:/vid/NSF_VM/PID34/NSF_VM_PlannedDrive/20231128103448VCAP1.mp4,12499,NA,
PID_34,2024-11-07 13:26:54.669,,858.167,Media file(s),player #1:D:/vid/NSF_VM/PID34/NSF_VM_PlannedDrive/20231128103448VCAP1.mp4,0.0,881.732,30.000,,Fixation-Road,,STOP,423.033,D:/vid/NSF_VM/PID34/NSF_VM_PlannedDrive/20231128103448VCAP1.mp4,12684,NA,
PID_34,2024-11-07 13:26:54.669,,858.167,Media file(s),player #1:D:/vid/NSF_VM/PID34/NSF_VM_PlannedDrive/20231128103448VCAP1.mp4,0.0,881.732,30.000,,Fixation-iPad,,START,423.367,D:/vid/NSF_VM/PID34/NSF_VM_PlannedDrive/20231128103448VCAP1.mp4,12694,NA,
PID_34,2024-11-07 13:26:54.669,,858.167,Media file(s),player #1:D:/vid/NSF_VM/PID34/NSF_VM_PlannedDrive/20231128103448VCAP1.mp4,0.0,881.732,30.000,,Fixation-iPad,,STOP,424.133,D:/vid/NSF_VM/PID34/NSF_VM_PlannedDrive/20231128103448VCAP1.mp4,12717,NA,
PID_34,2024-11-07 13:26:54.669,,858.167,Media file(s),player #1:D:/vid/NSF_VM/PID34/NSF_VM_PlannedDrive/20231128103448VCAP1.mp4,0.0,881.732,30.000,,Fixation-Road,,START,424.500,D:/vid/NSF_VM/PID34/NSF_VM_PlannedDrive/20231128103448VCAP1.mp4,12728,NA,
PID_34,2024-11-07 13:26:54.669,,858.167,Media file(s),player #1:D:/vid/NSF_VM/PID34/NSF_VM_PlannedDrive/20231128103448VCAP1.mp4,0.0,881.732,30.000,,Fixation-Road,,STOP,428.067,D:/vid/NSF_VM/PID34/NSF_VM_PlannedDrive/20231128103448VCAP1.mp4,12835,NA,
PID_34,2024-11-07 13:26:54.669,,858.167,Media file(s),player #1:D:/vid/NSF_VM/PID34/NSF_VM_PlannedDrive/20231128103448VCAP1.mp4,0.0,881.732,30.000,,Fixation-iPad,,START,428.533,D:/vid/NSF_VM/PID34/NSF_VM_PlannedDrive/20231128103448VCAP1.mp4,12849,NA,
PID_34,2024-11-07 13:26:54.669,,858.167,Media file(s),player #1:D:/vid/NSF_VM/PID34/NSF_VM_PlannedDrive/20231128103448VCAP1.mp4,0.0,881.732,30.000,,Fixation-iPad,,STOP,429.200,D:/vid/NSF_VM/PID34/NSF_VM_PlannedDrive/20231128103448VCAP1.mp4,12869,NA,
PID_34,2024-11-07 13:26:54.669,,858.167,Media file(s),player #1:D:/vid/NSF_VM/PID34/NSF_VM_PlannedDrive/20231128103448VCAP1.mp4,0.0,881.732,30.000,,Fixation-Road,,START,429.633,D:/vid/NSF_VM/PID34/NSF_VM_PlannedDrive/20231128103448VCAP1.mp4,12882,NA,
PID_34,2024-11-07 13:26:54.669,,858.167,Media file(s),player #1:D:/vid/NSF_VM/PID34/NSF_VM_PlannedDrive/20231128103448VCAP1.mp4,0.0,881.732,30.000,,Fixation-Road,,STOP,441.900,D:/vid/NSF_VM/PID34/NSF_VM_PlannedDrive/20231128103448VCAP1.mp4,13249,NA,
PID_34,2024-11-07 13:26:54.669,,858.167,Media file(s),player #1:D:/vid/NSF_VM/PID34/NSF_VM_PlannedDrive/20231128103448VCAP1.mp4,0.0,881.732,30.000,,Fixation-iPad,,START,442.267,D:/vid/NSF_VM/PID34/NSF_VM_PlannedDrive/20231128103448VCAP1.mp4,13260,NA,
PID_34,2024-11-07 13:26:54.669,,858.167,Media file(s),player #1:D:/vid/NSF_VM/PID34/NSF_VM_PlannedDrive/20231128103448VCAP1.mp4,0.0,881.732,30.000,,Fixation-iPad,,STOP,446.033,D:/vid/NSF_VM/PID34/NSF_VM_PlannedDrive/20231128103448VCAP1.mp4,13373,NA,
PID_34,2024-11-07 13:26:54.669,,858.167,Media file(s),player #1:D:/vid/NSF_VM/PID34/NSF_VM_PlannedDrive/20231128103448VCAP1.mp4,0.0,881.732,30.000,,Fixation-Road,,START,446.467,D:/vid/NSF_VM/PID34/NSF_VM_PlannedDrive/20231128103448VCAP1.mp4,13386,NA,
PID_34,2024-11-07 13:26:54.669,,858.167,Media file(s),player #1:D:/vid/NSF_VM/PID34/NSF_VM_PlannedDrive/20231128103448VCAP1.mp4,0.0,881.732,30.000,,Fixation-Road,,STOP,452.100,D:/vid/NSF_VM/PID34/NSF_VM_PlannedDrive/20231128103448VCAP1.mp4,13555,NA,
PID_34,2024-11-07 13:26:54.669,,858.167,Media file(s),player #1:D:/vid/NSF_VM/PID34/NSF_VM_PlannedDrive/20231128103448VCAP1.mp4,0.0,881.732,30.000,,Fixation-iPad,,START,452.433,D:/vid/NSF_VM/PID34/NSF_VM_PlannedDrive/20231128103448VCAP1.mp4,13565,NA,
PID_34,2024-11-07 13:26:54.669,,858.167,Media file(s),player #1:D:/vid/NSF_VM/PID34/NSF_VM_PlannedDrive/20231128103448VCAP1.mp4,0.0,881.732,30.000,,Meeting Task,,STOP,463.067,D:/vid/NSF_VM/PID34/NSF_VM_PlannedDrive/20231128103448VCAP1.mp4,13884,NA,
PID_34,2024-11-07 13:26:54.669,,858.167,Media file(s),player #1:D:/vid/NSF_VM/PID34/NSF_VM_PlannedDrive/20231128103448VCAP1.mp4,0.0,881.732,30.000,,Meeting Task,,START,463.233,D:/vid/NSF_VM/PID34/NSF_VM_PlannedDrive/20231128103448VCAP1.mp4,13889,NA,
PID_34,2024-11-07 13:26:54.669,,858.167,Media file(s),player #1:D:/vid/NSF_VM/PID34/NSF_VM_PlannedDrive/20231128103448VCAP1.mp4,0.0,881.732,30.000,,Fixation-iPad,,STOP,464.800,D:/vid/NSF_VM/PID34/NSF_VM_PlannedDrive/20231128103448VCAP1.mp4,13936,NA,
PID_34,2024-11-07 13:26:54.669,,858.167,Media file(s),player #1:D:/vid/NSF_VM/PID34/NSF_VM_PlannedDrive/20231128103448VCAP1.mp4,0.0,881.732,30.000,,Fixation-Road,,START,465.200,D:/vid/NSF_VM/PID34/NSF_VM_PlannedDrive/20231128103448VCAP1.mp4,13948,NA,
PID_34,2024-11-07 13:26:54.669,,858.167,Media file(s),player #1:D:/vid/NSF_VM/PID34/NSF_VM_PlannedDrive/20231128103448VCAP1.mp4,0.0,881.732,30.000,,Fixation-Road,,STOP,465.533,D:/vid/NSF_VM/PID34/NSF_VM_PlannedDrive/20231128103448VCAP1.mp4,13958,NA,
PID_34,2024-11-07 13:26:54.669,,858.167,Media file(s),player #1:D:/vid/NSF_VM/PID34/NSF_VM_PlannedDrive/20231128103448VCAP1.mp4,0.0,881.732,30.000,,Fixation-iPad,,START,466.033,D:/vid/NSF_VM/PID34/NSF_VM_PlannedDrive/20231128103448VCAP1.mp4,13973,NA,
PID_34,2024-11-07 13:26:54.669,,858.167,Media file(s),player #1:D:/vid/NSF_VM/PID34/NSF_VM_PlannedDrive/20231128103448VCAP1.mp4,0.0,881.732,30.000,,Fixation-iPad,,STOP,466.533,D:/vid/NSF_VM/PID34/NSF_VM_PlannedDrive/20231128103448VCAP1.mp4,13988,NA,
PID_34,2024-11-07 13:26:54.669,,858.167,Media file(s),player #1:D:/vid/NSF_VM/PID34/NSF_VM_PlannedDrive/20231128103448VCAP1.mp4,0.0,881.732,30.000,,Fixation-Road,,START,466.867,D:/vid/NSF_VM/PID34/NSF_VM_PlannedDrive/20231128103448VCAP1.mp4,13998,NA,
PID_34,2024-11-07 13:26:54.669,,858.167,Media file(s),player #1:D:/vid/NSF_VM/PID34/NSF_VM_PlannedDrive/20231128103448VCAP1.mp4,0.0,881.732,30.000,,Fixation-Road,,STOP,473.967,D:/vid/NSF_VM/PID34/NSF_VM_PlannedDrive/20231128103448VCAP1.mp4,14211,NA,
PID_34,2024-11-07 13:26:54.669,,858.167,Media file(s),player #1:D:/vid/NSF_VM/PID34/NSF_VM_PlannedDrive/20231128103448VCAP1.mp4,0.0,881.732,30.000,,Fixation-iPad,,START,474.367,D:/vid/NSF_VM/PID34/NSF_VM_PlannedDrive/20231128103448VCAP1.mp4,14223,NA,
PID_34,2024-11-07 13:26:54.669,,858.167,Media file(s),player #1:D:/vid/NSF_VM/PID34/NSF_VM_PlannedDrive/20231128103448VCAP1.mp4,0.0,881.732,30.000,,Fixation-iPad,,STOP,477.967,D:/vid/NSF_VM/PID34/NSF_VM_PlannedDrive/20231128103448VCAP1.mp4,14331,NA,
PID_34,2024-11-07 13:26:54.669,,858.167,Media file(s),player #1:D:/vid/NSF_VM/PID34/NSF_VM_PlannedDrive/20231128103448VCAP1.mp4,0.0,881.732,30.000,,Fixation-Road,,START,479.033,D:/vid/NSF_VM/PID34/NSF_VM_PlannedDrive/20231128103448VCAP1.mp4,14363,NA,
PID_34,2024-11-07 13:26:54.669,,858.167,Media file(s),player #1:D:/vid/NSF_VM/PID34/NSF_VM_PlannedDrive/20231128103448VCAP1.mp4,0.0,881.732,30.000,,Fixation-Road,,STOP,485.567,D:/vid/NSF_VM/PID34/NSF_VM_PlannedDrive/20231128103448VCAP1.mp4,14559,NA,
PID_34,2024-11-07 13:26:54.669,,858.167,Media file(s),player #1:D:/vid/NSF_VM/PID34/NSF_VM_PlannedDrive/20231128103448VCAP1.mp4,0.0,881.732,30.000,,Fixation-iPad,,START,485.967,D:/vid/NSF_VM/PID34/NSF_VM_PlannedDrive/20231128103448VCAP1.mp4,14571,NA,
PID_34,2024-11-07 13:26:54.669,,858.167,Media file(s),player #1:D:/vid/NSF_VM/PID34/NSF_VM_PlannedDrive/20231128103448VCAP1.mp4,0.0,881.732,30.000,,Fixation-iPad,,STOP,486.967,D:/vid/NSF_VM/PID34/NSF_VM_PlannedDrive/20231128103448VCAP1.mp4,14601,NA,
PID_34,2024-11-07 13:26:54.669,,858.167,Media file(s),player #1:D:/vid/NSF_VM/PID34/NSF_VM_PlannedDrive/20231128103448VCAP1.mp4,0.0,881.732,30.000,,Fixation-Road,,START,487.333,D:/vid/NSF_VM/PID34/NSF_VM_PlannedDrive/20231128103448VCAP1.mp4,14612,NA,
PID_34,2024-11-07 13:26:54.669,,858.167,Media file(s),player #1:D:/vid/NSF_VM/PID34/NSF_VM_PlannedDrive/20231128103448VCAP1.mp4,0.0,881.732,30.000,,Fixation-Road,,STOP,495.800,D:/vid/NSF_VM/PID34/NSF_VM_PlannedDrive/20231128103448VCAP1.mp4,14866,NA,
PID_34,2024-11-07 13:26:54.669,,858.167,Media file(s),player #1:D:/vid/NSF_VM/PID34/NSF_VM_PlannedDrive/20231128103448VCAP1.mp4,0.0,881.732,30.000,,Fixation-iPad,,START,496.133,D:/vid/NSF_VM/PID34/NSF_VM_PlannedDrive/20231128103448VCAP1.mp4,14876,NA,
PID_34,2024-11-07 13:26:54.669,,858.167,Media file(s),player #1:D:/vid/NSF_VM/PID34/NSF_VM_PlannedDrive/20231128103448VCAP1.mp4,0.0,881.732,30.000,,Fixation-iPad,,STOP,498.500,D:/vid/NSF_VM/PID34/NSF_VM_PlannedDrive/20231128103448VCAP1.mp4,14947,NA,
PID_34,2024-11-07 13:26:54.669,,858.167,Media file(s),player #1:D:/vid/NSF_VM/PID34/NSF_VM_PlannedDrive/20231128103448VCAP1.mp4,0.0,881.732,30.000,,Fixation-Road,,START,498.867,D:/vid/NSF_VM/PID34/NSF_VM_PlannedDrive/20231128103448VCAP1.mp4,14958,NA,
PID_34,2024-11-07 13:26:54.669,,858.167,Media file(s),player #1:D:/vid/NSF_VM/PID34/NSF_VM_PlannedDrive/20231128103448VCAP1.mp4,0.0,881.732,30.000,,Fixation-Road,,STOP,499.300,D:/vid/NSF_VM/PID34/NSF_VM_PlannedDrive/20231128103448VCAP1.mp4,14971,NA,
PID_34,2024-11-07 13:26:54.669,,858.167,Media file(s),player #1:D:/vid/NSF_VM/PID34/NSF_VM_PlannedDrive/20231128103448VCAP1.mp4,0.0,881.732,30.000,,Fixation-iPad,,START,499.667,D:/vid/NSF_VM/PID34/NSF_VM_PlannedDrive/20231128103448VCAP1.mp4,14982,NA,
PID_34,2024-11-07 13:26:54.669,,858.167,Media file(s),player #1:D:/vid/NSF_VM/PID34/NSF_VM_PlannedDrive/20231128103448VCAP1.mp4,0.0,881.732,30.000,,Fixation-iPad,,STOP,503.567,D:/vid/NSF_VM/PID34/NSF_VM_PlannedDrive/20231128103448VCAP1.mp4,15098,NA,
PID_34,2024-11-07 13:26:54.669,,858.167,Media file(s),player #1:D:/vid/NSF_VM/PID34/NSF_VM_PlannedDrive/20231128103448VCAP1.mp4,0.0,881.732,30.000,,Fixation-Road,,START,503.967,D:/vid/NSF_VM/PID34/NSF_VM_PlannedDrive/20231128103448VCAP1.mp4,15110,NA,
PID_34,2024-11-07 13:26:54.669,,858.167,Media file(s),player #1:D:/vid/NSF_VM/PID34/NSF_VM_PlannedDrive/20231128103448VCAP1.mp4,0.0,881.732,30.000,,Fixation-Road,,STOP,504.333,D:/vid/NSF_VM/PID34/NSF_VM_PlannedDrive/20231128103448VCAP1.mp4,15121,NA,
PID_34,2024-11-07 13:26:54.669,,858.167,Media file(s),player #1:D:/vid/NSF_VM/PID34/NSF_VM_PlannedDrive/20231128103448VCAP1.mp4,0.0,881.732,30.000,,Fixation-iPad,,START,504.667,D:/vid/NSF_VM/PID34/NSF_VM_PlannedDrive/20231128103448VCAP1.mp4,15131,NA,
PID_34,2024-11-07 13:26:54.669,,858.167,Media file(s),player #1:D:/vid/NSF_VM/PID34/NSF_VM_PlannedDrive/20231128103448VCAP1.mp4,0.0,881.732,30.000,,Fixation-iPad,,STOP,507.900,D:/vid/NSF_VM/PID34/NSF_VM_PlannedDrive/20231128103448VCAP1.mp4,15228,NA,
PID_34,2024-11-07 13:26:54.669,,858.167,Media file(s),player #1:D:/vid/NSF_VM/PID34/NSF_VM_PlannedDrive/20231128103448VCAP1.mp4,0.0,881.732,30.000,,Fixation-Road,,START,508.200,D:/vid/NSF_VM/PID34/NSF_VM_PlannedDrive/20231128103448VCAP1.mp4,15237,NA,
PID_34,2024-11-07 13:26:54.669,,858.167,Media file(s),player #1:D:/vid/NSF_VM/PID34/NSF_VM_PlannedDrive/20231128103448VCAP1.mp4,0.0,881.732,30.000,,Fixation-Road,,STOP,510.033,D:/vid/NSF_VM/PID34/NSF_VM_PlannedDrive/20231128103448VCAP1.mp4,15292,NA,
PID_34,2024-11-07 13:26:54.669,,858.167,Media file(s),player #1:D:/vid/NSF_VM/PID34/NSF_VM_PlannedDrive/20231128103448VCAP1.mp4,0.0,881.732,30.000,,Fixation-iPad,,START,510.400,D:/vid/NSF_VM/PID34/NSF_VM_PlannedDrive/20231128103448VCAP1.mp4,15303,NA,
PID_34,2024-11-07 13:26:54.669,,858.167,Media file(s),player #1:D:/vid/NSF_VM/PID34/NSF_VM_PlannedDrive/20231128103448VCAP1.mp4,0.0,881.732,30.000,,Fixation-iPad,,STOP,514.200,D:/vid/NSF_VM/PID34/NSF_VM_PlannedDrive/20231128103448VCAP1.mp4,15417,NA,
PID_34,2024-11-07 13:26:54.669,,858.167,Media file(s),player #1:D:/vid/NSF_VM/PID34/NSF_VM_PlannedDrive/20231128103448VCAP1.mp4,0.0,881.732,30.000,,Fixation-Road,,START,514.633,D:/vid/NSF_VM/PID34/NSF_VM_PlannedDrive/20231128103448VCAP1.mp4,15430,NA,
PID_34,2024-11-07 13:26:54.669,,858.167,Media file(s),player #1:D:/vid/NSF_VM/PID34/NSF_VM_PlannedDrive/20231128103448VCAP1.mp4,0.0,881.732,30.000,,Fixation-Road,,STOP,515.667,D:/vid/NSF_VM/PID34/NSF_VM_PlannedDrive/20231128103448VCAP1.mp4,15461,NA,
PID_34,2024-11-07 13:26:54.669,,858.167,Media file(s),player #1:D:/vid/NSF_VM/PID34/NSF_VM_PlannedDrive/20231128103448VCAP1.mp4,0.0,881.732,30.000,,Fixation-iPad,,START,515.933,D:/vid/NSF_VM/PID34/NSF_VM_PlannedDrive/20231128103448VCAP1.mp4,15469,NA,
PID_34,2024-11-07 13:26:54.669,,858.167,Media file(s),player #1:D:/vid/NSF_VM/PID34/NSF_VM_PlannedDrive/20231128103448VCAP1.mp4,0.0,881.732,30.000,,Fixation-iPad,,STOP,522.333,D:/vid/NSF_VM/PID34/NSF_VM_PlannedDrive/20231128103448VCAP1.mp4,15661,NA,
PID_34,2024-11-07 13:26:54.669,,858.167,Media file(s),player #1:D:/vid/NSF_VM/PID34/NSF_VM_PlannedDrive/20231128103448VCAP1.mp4,0.0,881.732,30.000,,Fixation-Road,,START,522.767,D:/vid/NSF_VM/PID34/NSF_VM_PlannedDrive/20231128103448VCAP1.mp4,15674,NA,
PID_34,2024-11-07 13:26:54.669,,858.167,Media file(s),player #1:D:/vid/NSF_VM/PID34/NSF_VM_PlannedDrive/20231128103448VCAP1.mp4,0.0,881.732,30.000,,Fixation-Road,,STOP,532.433,D:/vid/NSF_VM/PID34/NSF_VM_PlannedDrive/20231128103448VCAP1.mp4,15964,NA,
PID_34,2024-11-07 13:26:54.669,,858.167,Media file(s),player #1:D:/vid/NSF_VM/PID34/NSF_VM_PlannedDrive/20231128103448VCAP1.mp4,0.0,881.732,30.000,,Fixation-iPad,,START,532.967,D:/vid/NSF_VM/PID34/NSF_VM_PlannedDrive/20231128103448VCAP1.mp4,15980,NA,
PID_34,2024-11-07 13:26:54.669,,858.167,Media file(s),player #1:D:/vid/NSF_VM/PID34/NSF_VM_PlannedDrive/20231128103448VCAP1.mp4,0.0,881.732,30.000,,Fixation-iPad,,STOP,535.967,D:/vid/NSF_VM/PID34/NSF_VM_PlannedDrive/20231128103448VCAP1.mp4,16070,NA,
PID_34,2024-11-07 13:26:54.669,,858.167,Media file(s),player #1:D:/vid/NSF_VM/PID34/NSF_VM_PlannedDrive/20231128103448VCAP1.mp4,0.0,881.732,30.000,,Fixation-Road,,START,536.333,D:/vid/NSF_VM/PID34/NSF_VM_PlannedDrive/20231128103448VCAP1.mp4,16081,NA,
PID_34,2024-11-07 13:26:54.669,,858.167,Media file(s),player #1:D:/vid/NSF_VM/PID34/NSF_VM_PlannedDrive/20231128103448VCAP1.mp4,0.0,881.732,30.000,,Fixation-Road,,STOP,536.867,D:/vid/NSF_VM/PID34/NSF_VM_PlannedDrive/20231128103448VCAP1.mp4,16097,NA,
PID_34,2024-11-07 13:26:54.669,,858.167,Media file(s),player #1:D:/vid/NSF_VM/PID34/NSF_VM_PlannedDrive/20231128103448VCAP1.mp4,0.0,881.732,30.000,,Fixation-iPad,,START,537.233,D:/vid/NSF_VM/PID34/NSF_VM_PlannedDrive/20231128103448VCAP1.mp4,16108,NA,
PID_34,2024-11-07 13:26:54.669,,858.167,Media file(s),player #1:D:/vid/NSF_VM/PID34/NSF_VM_PlannedDrive/20231128103448VCAP1.mp4,0.0,881.732,30.000,,Fixation-iPad,,STOP,542.067,D:/vid/NSF_VM/PID34/NSF_VM_PlannedDrive/20231128103448VCAP1.mp4,16253,NA,
PID_34,2024-11-07 13:26:54.669,,858.167,Media file(s),player #1:D:/vid/NSF_VM/PID34/NSF_VM_PlannedDrive/20231128103448VCAP1.mp4,0.0,881.732,30.000,,Fixation-Road,,START,543.833,D:/vid/NSF_VM/PID34/NSF_VM_PlannedDrive/20231128103448VCAP1.mp4,16306,NA,
PID_34,2024-11-07 13:26:54.669,,858.167,Media file(s),player #1:D:/vid/NSF_VM/PID34/NSF_VM_PlannedDrive/20231128103448VCAP1.mp4,0.0,881.732,30.000,,Meeting Task,,STOP,547.867,D:/vid/NSF_VM/PID34/NSF_VM_PlannedDrive/20231128103448VCAP1.mp4,16427,NA,
PID_34,2024-11-07 13:26:54.669,,858.167,Media file(s),player #1:D:/vid/NSF_VM/PID34/NSF_VM_PlannedDrive/20231128103448VCAP1.mp4,0.0,881.732,30.000,,Meeting Task,,START,548.033,D:/vid/NSF_VM/PID34/NSF_VM_PlannedDrive/20231128103448VCAP1.mp4,16432,NA,
PID_34,2024-11-07 13:26:54.669,,858.167,Media file(s),player #1:D:/vid/NSF_VM/PID34/NSF_VM_PlannedDrive/20231128103448VCAP1.mp4,0.0,881.732,30.000,,Fixation-Road,,STOP,548.100,D:/vid/NSF_VM/PID34/NSF_VM_PlannedDrive/20231128103448VCAP1.mp4,16434,NA,
PID_34,2024-11-07 13:26:54.669,,858.167,Media file(s),player #1:D:/vid/NSF_VM/PID34/NSF_VM_PlannedDrive/20231128103448VCAP1.mp4,0.0,881.732,30.000,,Fixation-iPad,,START,548.567,D:/vid/NSF_VM/PID34/NSF_VM_PlannedDrive/20231128103448VCAP1.mp4,16448,NA,
PID_34,2024-11-07 13:26:54.669,,858.167,Media file(s),player #1:D:/vid/NSF_VM/PID34/NSF_VM_PlannedDrive/20231128103448VCAP1.mp4,0.0,881.732,30.000,,Fixation-iPad,,STOP,548.967,D:/vid/NSF_VM/PID34/NSF_VM_PlannedDrive/20231128103448VCAP1.mp4,16460,NA,
PID_34,2024-11-07 13:26:54.669,,858.167,Media file(s),player #1:D:/vid/NSF_VM/PID34/NSF_VM_PlannedDrive/20231128103448VCAP1.mp4,0.0,881.732,30.000,,Fixation-Road,,START,549.333,D:/vid/NSF_VM/PID34/NSF_VM_PlannedDrive/20231128103448VCAP1.mp4,16471,NA,
PID_34,2024-11-07 13:26:54.669,,858.167,Media file(s),player #1:D:/vid/NSF_VM/PID34/NSF_VM_PlannedDrive/20231128103448VCAP1.mp4,0.0,881.732,30.000,,Fixation-Road,,STOP,556.200,D:/vid/NSF_VM/PID34/NSF_VM_PlannedDrive/20231128103448VCAP1.mp4,16677,NA,
PID_34,2024-11-07 13:26:54.669,,858.167,Media file(s),player #1:D:/vid/NSF_VM/PID34/NSF_VM_PlannedDrive/20231128103448VCAP1.mp4,0.0,881.732,30.000,,Fixation-iPad,,START,556.567,D:/vid/NSF_VM/PID34/NSF_VM_PlannedDrive/20231128103448VCAP1.mp4,16688,NA,
PID_34,2024-11-07 13:26:54.669,,858.167,Media file(s),player #1:D:/vid/NSF_VM/PID34/NSF_VM_PlannedDrive/20231128103448VCAP1.mp4,0.0,881.732,30.000,,Fixation-iPad,,STOP,557.033,D:/vid/NSF_VM/PID34/NSF_VM_PlannedDrive/20231128103448VCAP1.mp4,16702,NA,
PID_34,2024-11-07 13:26:54.669,,858.167,Media file(s),player #1:D:/vid/NSF_VM/PID34/NSF_VM_PlannedDrive/20231128103448VCAP1.mp4,0.0,881.732,30.000,,Fixation-Road,,START,557.400,D:/vid/NSF_VM/PID34/NSF_VM_PlannedDrive/20231128103448VCAP1.mp4,16713,NA,
PID_34,2024-11-07 13:26:54.669,,858.167,Media file(s),player #1:D:/vid/NSF_VM/PID34/NSF_VM_PlannedDrive/20231128103448VCAP1.mp4,0.0,881.732,30.000,,Fixation-Road,,STOP,561.700,D:/vid/NSF_VM/PID34/NSF_VM_PlannedDrive/20231128103448VCAP1.mp4,16841,NA,
PID_34,2024-11-07 13:26:54.669,,858.167,Media file(s),player #1:D:/vid/NSF_VM/PID34/NSF_VM_PlannedDrive/20231128103448VCAP1.mp4,0.0,881.732,30.000,,Fixation-iPad,,START,562.133,D:/vid/NSF_VM/PID34/NSF_VM_PlannedDrive/20231128103448VCAP1.mp4,16854,NA,
PID_34,2024-11-07 13:26:54.669,,858.167,Media file(s),player #1:D:/vid/NSF_VM/PID34/NSF_VM_PlannedDrive/20231128103448VCAP1.mp4,0.0,881.732,30.000,,Fixation-iPad,,STOP,569.300,D:/vid/NSF_VM/PID34/NSF_VM_PlannedDrive/20231128103448VCAP1.mp4,17069,NA,
PID_34,2024-11-07 13:26:54.669,,858.167,Media file(s),player #1:D:/vid/NSF_VM/PID34/NSF_VM_PlannedDrive/20231128103448VCAP1.mp4,0.0,881.732,30.000,,Fixation-Road,,START,569.667,D:/vid/NSF_VM/PID34/NSF_VM_PlannedDrive/20231128103448VCAP1.mp4,17080,NA,
PID_34,2024-11-07 13:26:54.669,,858.167,Media file(s),player #1:D:/vid/NSF_VM/PID34/NSF_VM_PlannedDrive/20231128103448VCAP1.mp4,0.0,881.732,30.000,,Fixation-Road,,STOP,570.633,D:/vid/NSF_VM/PID34/NSF_VM_PlannedDrive/20231128103448VCAP1.mp4,17109,NA,
PID_34,2024-11-07 13:26:54.669,,858.167,Media file(s),player #1:D:/vid/NSF_VM/PID34/NSF_VM_PlannedDrive/20231128103448VCAP1.mp4,0.0,881.732,30.000,,Fixation-iPad,,START,570.967,D:/vid/NSF_VM/PID34/NSF_VM_PlannedDrive/20231128103448VCAP1.mp4,17119,NA,
PID_34,2024-11-07 13:26:54.669,,858.167,Media file(s),player #1:D:/vid/NSF_VM/PID34/NSF_VM_PlannedDrive/20231128103448VCAP1.mp4,0.0,881.732,30.000,,Fixation-iPad,,STOP,573.633,D:/vid/NSF_VM/PID34/NSF_VM_PlannedDrive/20231128103448VCAP1.mp4,17199,NA,
PID_34,2024-11-07 13:26:54.669,,858.167,Media file(s),player #1:D:/vid/NSF_VM/PID34/NSF_VM_PlannedDrive/20231128103448VCAP1.mp4,0.0,881.732,30.000,,Fixation-Road,,START,573.967,D:/vid/NSF_VM/PID34/NSF_VM_PlannedDrive/20231128103448VCAP1.mp4,17209,NA,
PID_34,2024-11-07 13:26:54.669,,858.167,Media file(s),player #1:D:/vid/NSF_VM/PID34/NSF_VM_PlannedDrive/20231128103448VCAP1.mp4,0.0,881.732,30.000,,Fixation-Road,,STOP,574.333,D:/vid/NSF_VM/PID34/NSF_VM_PlannedDrive/20231128103448VCAP1.mp4,17220,NA,
PID_34,2024-11-07 13:26:54.669,,858.167,Media file(s),player #1:D:/vid/NSF_VM/PID34/NSF_VM_PlannedDrive/20231128103448VCAP1.mp4,0.0,881.732,30.000,,Fixation-iPad,,START,574.700,D:/vid/NSF_VM/PID34/NSF_VM_PlannedDrive/20231128103448VCAP1.mp4,17231,NA,
PID_34,2024-11-07 13:26:54.669,,858.167,Media file(s),player #1:D:/vid/NSF_VM/PID34/NSF_VM_PlannedDrive/20231128103448VCAP1.mp4,0.0,881.732,30.000,,Fixation-iPad,,STOP,581.467,D:/vid/NSF_VM/PID34/NSF_VM_PlannedDrive/20231128103448VCAP1.mp4,17434,NA,
PID_34,2024-11-07 13:26:54.669,,858.167,Media file(s),player #1:D:/vid/NSF_VM/PID34/NSF_VM_PlannedDrive/20231128103448VCAP1.mp4,0.0,881.732,30.000,,Fixation-Road,,START,581.867,D:/vid/NSF_VM/PID34/NSF_VM_PlannedDrive/20231128103448VCAP1.mp4,17446,NA,
PID_34,2024-11-07 13:26:54.669,,858.167,Media file(s),player #1:D:/vid/NSF_VM/PID34/NSF_VM_PlannedDrive/20231128103448VCAP1.mp4,0.0,881.732,30.000,,Fixation-Road,,STOP,584.867,D:/vid/NSF_VM/PID34/NSF_VM_PlannedDrive/20231128103448VCAP1.mp4,17536,NA,
PID_34,2024-11-07 13:26:54.669,,858.167,Media file(s),player #1:D:/vid/NSF_VM/PID34/NSF_VM_PlannedDrive/20231128103448VCAP1.mp4,0.0,881.732,30.000,,Fixation-iPad,,START,585.300,D:/vid/NSF_VM/PID34/NSF_VM_PlannedDrive/20231128103448VCAP1.mp4,17549,NA,
PID_34,2024-11-07 13:26:54.669,,858.167,Media file(s),player #1:D:/vid/NSF_VM/PID34/NSF_VM_PlannedDrive/20231128103448VCAP1.mp4,0.0,881.732,30.000,,Fixation-iPad,,STOP,589.200,D:/vid/NSF_VM/PID34/NSF_VM_PlannedDrive/20231128103448VCAP1.mp4,17666,NA,
PID_34,2024-11-07 13:26:54.669,,858.167,Media file(s),player #1:D:/vid/NSF_VM/PID34/NSF_VM_PlannedDrive/20231128103448VCAP1.mp4,0.0,881.732,30.000,,Fixation-Road,,START,589.567,D:/vid/NSF_VM/PID34/NSF_VM_PlannedDrive/20231128103448VCAP1.mp4,17677,NA,
PID_34,2024-11-07 13:26:54.669,,858.167,Media file(s),player #1:D:/vid/NSF_VM/PID34/NSF_VM_PlannedDrive/20231128103448VCAP1.mp4,0.0,881.732,30.000,,Fixation-Road,,STOP,590.600,D:/vid/NSF_VM/PID34/NSF_VM_PlannedDrive/20231128103448VCAP1.mp4,17708,NA,
PID_34,2024-11-07 13:26:54.669,,858.167,Media file(s),player #1:D:/vid/NSF_VM/PID34/NSF_VM_PlannedDrive/20231128103448VCAP1.mp4,0.0,881.732,30.000,,Fixation-iPad,,START,591.000,D:/vid/NSF_VM/PID34/NSF_VM_PlannedDrive/20231128103448VCAP1.mp4,17720,NA,
PID_34,2024-11-07 13:26:54.669,,858.167,Media file(s),player #1:D:/vid/NSF_VM/PID34/NSF_VM_PlannedDrive/20231128103448VCAP1.mp4,0.0,881.732,30.000,,Fixation-iPad,,STOP,597.433,D:/vid/NSF_VM/PID34/NSF_VM_PlannedDrive/20231128103448VCAP1.mp4,17913,NA,
PID_34,2024-11-07 13:26:54.669,,858.167,Media file(s),player #1:D:/vid/NSF_VM/PID34/NSF_VM_PlannedDrive/20231128103448VCAP1.mp4,0.0,881.732,30.000,,Fixation-Road,,START,597.933,D:/vid/NSF_VM/PID34/NSF_VM_PlannedDrive/20231128103448VCAP1.mp4,17928,NA,
PID_34,2024-11-07 13:26:54.669,,858.167,Media file(s),player #1:D:/vid/NSF_VM/PID34/NSF_VM_PlannedDrive/20231128103448VCAP1.mp4,0.0,881.732,30.000,,Fixation-Road,,STOP,598.800,D:/vid/NSF_VM/PID34/NSF_VM_PlannedDrive/20231128103448VCAP1.mp4,17954,NA,
PID_34,2024-11-07 13:26:54.669,,858.167,Media file(s),player #1:D:/vid/NSF_VM/PID34/NSF_VM_PlannedDrive/20231128103448VCAP1.mp4,0.0,881.732,30.000,,Fixation-iPad,,START,599.100,D:/vid/NSF_VM/PID34/NSF_VM_PlannedDrive/20231128103448VCAP1.mp4,17963,NA,
PID_34,2024-11-07 13:26:54.669,,858.167,Media file(s),player #1:D:/vid/NSF_VM/PID34/NSF_VM_PlannedDrive/20231128103448VCAP1.mp4,0.0,881.732,30.000,,Fixation-iPad,,STOP,601.600,D:/vid/NSF_VM/PID34/NSF_VM_PlannedDrive/20231128103448VCAP1.mp4,18038,NA,
PID_34,2024-11-07 13:26:54.669,,858.167,Media file(s),player #1:D:/vid/NSF_VM/PID34/NSF_VM_PlannedDrive/20231128103448VCAP1.mp4,0.0,881.732,30.000,,Fixation-Road,,START,602.167,D:/vid/NSF_VM/PID34/NSF_VM_PlannedDrive/20231128103448VCAP1.mp4,18055,NA,
PID_34,2024-11-07 13:26:54.669,,858.167,Media file(s),player #1:D:/vid/NSF_VM/PID34/NSF_VM_PlannedDrive/20231128103448VCAP1.mp4,0.0,881.732,30.000,,Fixation-Road,,STOP,604.067,D:/vid/NSF_VM/PID34/NSF_VM_PlannedDrive/20231128103448VCAP1.mp4,18112,NA,
PID_34,2024-11-07 13:26:54.669,,858.167,Media file(s),player #1:D:/vid/NSF_VM/PID34/NSF_VM_PlannedDrive/20231128103448VCAP1.mp4,0.0,881.732,30.000,,Fixation-iPad,,START,604.367,D:/vid/NSF_VM/PID34/NSF_VM_PlannedDrive/20231128103448VCAP1.mp4,18121,NA,
PID_34,2024-11-07 13:26:54.669,,858.167,Media file(s),player #1:D:/vid/NSF_VM/PID34/NSF_VM_PlannedDrive/20231128103448VCAP1.mp4,0.0,881.732,30.000,,Fixation-iPad,,STOP,608.933,D:/vid/NSF_VM/PID34/NSF_VM_PlannedDrive/20231128103448VCAP1.mp4,18258,NA,
PID_34,2024-11-07 13:26:54.669,,858.167,Media file(s),player #1:D:/vid/NSF_VM/PID34/NSF_VM_PlannedDrive/20231128103448VCAP1.mp4,0.0,881.732,30.000,,Fixation-Road,,START,609.333,D:/vid/NSF_VM/PID34/NSF_VM_PlannedDrive/20231128103448VCAP1.mp4,18270,NA,
PID_34,2024-11-07 13:26:54.669,,858.167,Media file(s),player #1:D:/vid/NSF_VM/PID34/NSF_VM_PlannedDrive/20231128103448VCAP1.mp4,0.0,881.732,30.000,,Fixation-Road,,STOP,612.233,D:/vid/NSF_VM/PID34/NSF_VM_PlannedDrive/20231128103448VCAP1.mp4,18357,NA,
PID_34,2024-11-07 13:26:54.669,,858.167,Media file(s),player #1:D:/vid/NSF_VM/PID34/NSF_VM_PlannedDrive/20231128103448VCAP1.mp4,0.0,881.732,30.000,,Fixation-iPad,,START,612.633,D:/vid/NSF_VM/PID34/NSF_VM_PlannedDrive/20231128103448VCAP1.mp4,18369,NA,
PID_34,2024-11-07 13:26:54.669,,858.167,Media file(s),player #1:D:/vid/NSF_VM/PID34/NSF_VM_PlannedDrive/20231128103448VCAP1.mp4,0.0,881.732,30.000,,Meeting Task,,STOP,614.033,D:/vid/NSF_VM/PID34/NSF_VM_PlannedDrive/20231128103448VCAP1.mp4,18411,NA,
PID_34,2024-11-07 13:26:54.669,,858.167,Media file(s),player #1:D:/vid/NSF_VM/PID34/NSF_VM_PlannedDrive/20231128103448VCAP1.mp4,0.0,881.732,30.000,,Meeting Task,,START,614.233,D:/vid/NSF_VM/PID34/NSF_VM_PlannedDrive/20231128103448VCAP1.mp4,18417,NA,
PID_34,2024-11-07 13:26:54.669,,858.167,Media file(s),player #1:D:/vid/NSF_VM/PID34/NSF_VM_PlannedDrive/20231128103448VCAP1.mp4,0.0,881.732,30.000,,Fixation-iPad,,STOP,614.567,D:/vid/NSF_VM/PID34/NSF_VM_PlannedDrive/20231128103448VCAP1.mp4,18427,NA,
PID_34,2024-11-07 13:26:54.669,,858.167,Media file(s),player #1:D:/vid/NSF_VM/PID34/NSF_VM_PlannedDrive/20231128103448VCAP1.mp4,0.0,881.732,30.000,,Fixation-Road,,START,614.867,D:/vid/NSF_VM/PID34/NSF_VM_PlannedDrive/20231128103448VCAP1.mp4,18436,NA,
PID_34,2024-11-07 13:26:54.669,,858.167,Media file(s),player #1:D:/vid/NSF_VM/PID34/NSF_VM_PlannedDrive/20231128103448VCAP1.mp4,0.0,881.732,30.000,,Fixation-Road,,STOP,620.567,D:/vid/NSF_VM/PID34/NSF_VM_PlannedDrive/20231128103448VCAP1.mp4,18606,NA,
PID_34,2024-11-07 13:26:54.669,,858.167,Media file(s),player #1:D:/vid/NSF_VM/PID34/NSF_VM_PlannedDrive/20231128103448VCAP1.mp4,0.0,881.732,30.000,,Fixation-iPad,,START,621.067,D:/vid/NSF_VM/PID34/NSF_VM_PlannedDrive/20231128103448VCAP1.mp4,18621,NA,
PID_34,2024-11-07 13:26:54.669,,858.167,Media file(s),player #1:D:/vid/NSF_VM/PID34/NSF_VM_PlannedDrive/20231128103448VCAP1.mp4,0.0,881.732,30.000,,Fixation-iPad,,STOP,621.700,D:/vid/NSF_VM/PID34/NSF_VM_PlannedDrive/20231128103448VCAP1.mp4,18640,NA,
PID_34,2024-11-07 13:26:54.669,,858.167,Media file(s),player #1:D:/vid/NSF_VM/PID34/NSF_VM_PlannedDrive/20231128103448VCAP1.mp4,0.0,881.732,30.000,,Fixation-Road,,START,622.100,D:/vid/NSF_VM/PID34/NSF_VM_PlannedDrive/20231128103448VCAP1.mp4,18652,NA,
PID_34,2024-11-07 13:26:54.669,,858.167,Media file(s),player #1:D:/vid/NSF_VM/PID34/NSF_VM_PlannedDrive/20231128103448VCAP1.mp4,0.0,881.732,30.000,,Fixation-Road,,STOP,624.800,D:/vid/NSF_VM/PID34/NSF_VM_PlannedDrive/20231128103448VCAP1.mp4,18733,NA,
PID_34,2024-11-07 13:26:54.669,,858.167,Media file(s),player #1:D:/vid/NSF_VM/PID34/NSF_VM_PlannedDrive/20231128103448VCAP1.mp4,0.0,881.732,30.000,,Fixation-iPad,,START,625.200,D:/vid/NSF_VM/PID34/NSF_VM_PlannedDrive/20231128103448VCAP1.mp4,18745,NA,
PID_34,2024-11-07 13:26:54.669,,858.167,Media file(s),player #1:D:/vid/NSF_VM/PID34/NSF_VM_PlannedDrive/20231128103448VCAP1.mp4,0.0,881.732,30.000,,Fixation-iPad,,STOP,628.567,D:/vid/NSF_VM/PID34/NSF_VM_PlannedDrive/20231128103448VCAP1.mp4,18846,NA,
PID_34,2024-11-07 13:26:54.669,,858.167,Media file(s),player #1:D:/vid/NSF_VM/PID34/NSF_VM_PlannedDrive/20231128103448VCAP1.mp4,0.0,881.732,30.000,,Fixation-Road,,START,629.167,D:/vid/NSF_VM/PID34/NSF_VM_PlannedDrive/20231128103448VCAP1.mp4,18864,NA,
PID_34,2024-11-07 13:26:54.669,,858.167,Media file(s),player #1:D:/vid/NSF_VM/PID34/NSF_VM_PlannedDrive/20231128103448VCAP1.mp4,0.0,881.732,30.000,,Fixation-Road,,STOP,632.233,D:/vid/NSF_VM/PID34/NSF_VM_PlannedDrive/20231128103448VCAP1.mp4,18956,NA,
PID_34,2024-11-07 13:26:54.669,,858.167,Media file(s),player #1:D:/vid/NSF_VM/PID34/NSF_VM_PlannedDrive/20231128103448VCAP1.mp4,0.0,881.732,30.000,,Fixation-iPad,,START,632.600,D:/vid/NSF_VM/PID34/NSF_VM_PlannedDrive/20231128103448VCAP1.mp4,18967,NA,
PID_34,2024-11-07 13:26:54.669,,858.167,Media file(s),player #1:D:/vid/NSF_VM/PID34/NSF_VM_PlannedDrive/20231128103448VCAP1.mp4,0.0,881.732,30.000,,Fixation-iPad,,STOP,636.033,D:/vid/NSF_VM/PID34/NSF_VM_PlannedDrive/20231128103448VCAP1.mp4,19070,NA,
PID_34,2024-11-07 13:26:54.669,,858.167,Media file(s),player #1:D:/vid/NSF_VM/PID34/NSF_VM_PlannedDrive/20231128103448VCAP1.mp4,0.0,881.732,30.000,,Fixation-Road,,START,636.433,D:/vid/NSF_VM/PID34/NSF_VM_PlannedDrive/20231128103448VCAP1.mp4,19082,NA,
PID_34,2024-11-07 13:26:54.669,,858.167,Media file(s),player #1:D:/vid/NSF_VM/PID34/NSF_VM_PlannedDrive/20231128103448VCAP1.mp4,0.0,881.732,30.000,,Fixation-Road,,STOP,641.900,D:/vid/NSF_VM/PID34/NSF_VM_PlannedDrive/20231128103448VCAP1.mp4,19246,NA,
PID_34,2024-11-07 13:26:54.669,,858.167,Media file(s),player #1:D:/vid/NSF_VM/PID34/NSF_VM_PlannedDrive/20231128103448VCAP1.mp4,0.0,881.732,30.000,,Fixation-iPad,,START,642.233,D:/vid/NSF_VM/PID34/NSF_VM_PlannedDrive/20231128103448VCAP1.mp4,19256,NA,
PID_34,2024-11-07 13:26:54.669,,858.167,Media file(s),player #1:D:/vid/NSF_VM/PID34/NSF_VM_PlannedDrive/20231128103448VCAP1.mp4,0.0,881.732,30.000,,Fixation-iPad,,STOP,643.833,D:/vid/NSF_VM/PID34/NSF_VM_PlannedDrive/20231128103448VCAP1.mp4,19304,NA,
PID_34,2024-11-07 13:26:54.669,,858.167,Media file(s),player #1:D:/vid/NSF_VM/PID34/NSF_VM_PlannedDrive/20231128103448VCAP1.mp4,0.0,881.732,30.000,,Fixation-Road,,START,644.167,D:/vid/NSF_VM/PID34/NSF_VM_PlannedDrive/20231128103448VCAP1.mp4,19314,NA,
PID_34,2024-11-07 13:26:54.669,,858.167,Media file(s),player #1:D:/vid/NSF_VM/PID34/NSF_VM_PlannedDrive/20231128103448VCAP1.mp4,0.0,881.732,30.000,,Fixation-Road,,STOP,645.133,D:/vid/NSF_VM/PID34/NSF_VM_PlannedDrive/20231128103448VCAP1.mp4,19343,NA,
PID_34,2024-11-07 13:26:54.669,,858.167,Media file(s),player #1:D:/vid/NSF_VM/PID34/NSF_VM_PlannedDrive/20231128103448VCAP1.mp4,0.0,881.732,30.000,,Fixation-iPad,,START,645.467,D:/vid/NSF_VM/PID34/NSF_VM_PlannedDrive/20231128103448VCAP1.mp4,19353,NA,
PID_34,2024-11-07 13:26:54.669,,858.167,Media file(s),player #1:D:/vid/NSF_VM/PID34/NSF_VM_PlannedDrive/20231128103448VCAP1.mp4,0.0,881.732,30.000,,Fixation-iPad,,STOP,647.467,D:/vid/NSF_VM/PID34/NSF_VM_PlannedDrive/20231128103448VCAP1.mp4,19413,NA,
PID_34,2024-11-07 13:26:54.669,,858.167,Media file(s),player #1:D:/vid/NSF_VM/PID34/NSF_VM_PlannedDrive/20231128103448VCAP1.mp4,0.0,881.732,30.000,,Fixation-Road,,START,648.167,D:/vid/NSF_VM/PID34/NSF_VM_PlannedDrive/20231128103448VCAP1.mp4,19434,NA,
PID_34,2024-11-07 13:26:54.669,,858.167,Media file(s),player #1:D:/vid/NSF_VM/PID34/NSF_VM_PlannedDrive/20231128103448VCAP1.mp4,0.0,881.732,30.000,,Fixation-Road,,STOP,655.433,D:/vid/NSF_VM/PID34/NSF_VM_PlannedDrive/20231128103448VCAP1.mp4,19652,NA,
PID_34,2024-11-07 13:26:54.669,,858.167,Media file(s),player #1:D:/vid/NSF_VM/PID34/NSF_VM_PlannedDrive/20231128103448VCAP1.mp4,0.0,881.732,30.000,,Fixation-iPad,,START,655.800,D:/vid/NSF_VM/PID34/NSF_VM_PlannedDrive/20231128103448VCAP1.mp4,19663,NA,
PID_34,2024-11-07 13:26:54.669,,858.167,Media file(s),player #1:D:/vid/NSF_VM/PID34/NSF_VM_PlannedDrive/20231128103448VCAP1.mp4,0.0,881.732,30.000,,Fixation-iPad,,STOP,657.800,D:/vid/NSF_VM/PID34/NSF_VM_PlannedDrive/20231128103448VCAP1.mp4,19723,NA,
PID_34,2024-11-07 13:26:54.669,,858.167,Media file(s),player #1:D:/vid/NSF_VM/PID34/NSF_VM_PlannedDrive/20231128103448VCAP1.mp4,0.0,881.732,30.000,,Fixation-Road,,START,658.133,D:/vid/NSF_VM/PID34/NSF_VM_PlannedDrive/20231128103448VCAP1.mp4,19733,NA,
PID_34,2024-11-07 13:26:54.669,,858.167,Media file(s),player #1:D:/vid/NSF_VM/PID34/NSF_VM_PlannedDrive/20231128103448VCAP1.mp4,0.0,881.732,30.000,,Fixation-Road,,STOP,664.800,D:/vid/NSF_VM/PID34/NSF_VM_PlannedDrive/20231128103448VCAP1.mp4,19933,NA,
PID_34,2024-11-07 13:26:54.669,,858.167,Media file(s),player #1:D:/vid/NSF_VM/PID34/NSF_VM_PlannedDrive/20231128103448VCAP1.mp4,0.0,881.732,30.000,,Fixation-iPad,,START,665.467,D:/vid/NSF_VM/PID34/NSF_VM_PlannedDrive/20231128103448VCAP1.mp4,19953,NA,
PID_34,2024-11-07 13:26:54.669,,858.167,Media file(s),player #1:D:/vid/NSF_VM/PID34/NSF_VM_PlannedDrive/20231128103448VCAP1.mp4,0.0,881.732,30.000,,Fixation-iPad,,STOP,668.100,D:/vid/NSF_VM/PID34/NSF_VM_PlannedDrive/20231128103448VCAP1.mp4,20032,NA,
PID_34,2024-11-07 13:26:54.669,,858.167,Media file(s),player #1:D:/vid/NSF_VM/PID34/NSF_VM_PlannedDrive/20231128103448VCAP1.mp4,0.0,881.732,30.000,,Fixation-Road,,START,668.467,D:/vid/NSF_VM/PID34/NSF_VM_PlannedDrive/20231128103448VCAP1.mp4,20043,NA,
PID_34,2024-11-07 13:26:54.669,,858.167,Media file(s),player #1:D:/vid/NSF_VM/PID34/NSF_VM_PlannedDrive/20231128103448VCAP1.mp4,0.0,881.732,30.000,,Meeting Task,,STOP,682.933,D:/vid/NSF_VM/PID34/NSF_VM_PlannedDrive/20231128103448VCAP1.mp4,20476,NA,
PID_34,2024-11-07 13:26:54.669,,858.167,Media file(s),player #1:D:/vid/NSF_VM/PID34/NSF_VM_PlannedDrive/20231128103448VCAP1.mp4,0.0,881.732,30.000,,Meeting Task,,START,683.100,D:/vid/NSF_VM/PID34/NSF_VM_PlannedDrive/20231128103448VCAP1.mp4,20481,NA,
PID_34,2024-11-07 13:26:54.669,,858.167,Media file(s),player #1:D:/vid/NSF_VM/PID34/NSF_VM_PlannedDrive/20231128103448VCAP1.mp4,0.0,881.732,30.000,,Takeover Warning,,POINT,693.933,D:/vid/NSF_VM/PID34/NSF_VM_PlannedDrive/20231128103448VCAP1.mp4,20806,NA,
PID_34,2024-11-07 13:26:54.669,,858.167,Media file(s),player #1:D:/vid/NSF_VM/PID34/NSF_VM_PlannedDrive/20231128103448VCAP1.mp4,0.0,881.732,30.000,,Driver's Takeover,,START,695.467,D:/vid/NSF_VM/PID34/NSF_VM_PlannedDrive/20231128103448VCAP1.mp4,20852,NA,
PID_34,2024-11-07 13:26:54.669,,858.167,Media file(s),player #1:D:/vid/NSF_VM/PID34/NSF_VM_PlannedDrive/20231128103448VCAP1.mp4,0.0,881.732,30.000,,Fixation-Road,,STOP,706.800,D:/vid/NSF_VM/PID34/NSF_VM_PlannedDrive/20231128103448VCAP1.mp4,21192,NA,
PID_34,2024-11-07 13:26:54.669,,858.167,Media file(s),player #1:D:/vid/NSF_VM/PID34/NSF_VM_PlannedDrive/20231128103448VCAP1.mp4,0.0,881.732,30.000,,Fixation-iPad,,START,707.133,D:/vid/NSF_VM/PID34/NSF_VM_PlannedDrive/20231128103448VCAP1.mp4,21202,NA,
PID_34,2024-11-07 13:26:54.669,,858.167,Media file(s),player #1:D:/vid/NSF_VM/PID34/NSF_VM_PlannedDrive/20231128103448VCAP1.mp4,0.0,881.732,30.000,,Fixation-iPad,,STOP,707.433,D:/vid/NSF_VM/PID34/NSF_VM_PlannedDrive/20231128103448VCAP1.mp4,21211,NA,
PID_34,2024-11-07 13:26:54.669,,858.167,Media file(s),player #1:D:/vid/NSF_VM/PID34/NSF_VM_PlannedDrive/20231128103448VCAP1.mp4,0.0,881.732,30.000,,Fixation-Road,,START,707.833,D:/vid/NSF_VM/PID34/NSF_VM_PlannedDrive/20231128103448VCAP1.mp4,21223,NA,
PID_34,2024-11-07 13:26:54.669,,858.167,Media file(s),player #1:D:/vid/NSF_VM/PID34/NSF_VM_PlannedDrive/20231128103448VCAP1.mp4,0.0,881.732,30.000,,Driver's Takeover,,STOP,709.733,D:/vid/NSF_VM/PID34/NSF_VM_PlannedDrive/20231128103448VCAP1.mp4,21280,NA,
PID_34,2024-11-07 13:26:54.669,,858.167,Media file(s),player #1:D:/vid/NSF_VM/PID34/NSF_VM_PlannedDrive/20231128103448VCAP1.mp4,0.0,881.732,30.000,,Fixation-Road,,STOP,712.467,D:/vid/NSF_VM/PID34/NSF_VM_PlannedDrive/20231128103448VCAP1.mp4,21362,NA,
PID_34,2024-11-07 13:26:54.669,,858.167,Media file(s),player #1:D:/vid/NSF_VM/PID34/NSF_VM_PlannedDrive/20231128103448VCAP1.mp4,0.0,881.732,30.000,,Fixation-iPad,,START,712.800,D:/vid/NSF_VM/PID34/NSF_VM_PlannedDrive/20231128103448VCAP1.mp4,21372,NA,
PID_34,2024-11-07 13:26:54.669,,858.167,Media file(s),player #1:D:/vid/NSF_VM/PID34/NSF_VM_PlannedDrive/20231128103448VCAP1.mp4,0.0,881.732,30.000,,Fixation-iPad,,STOP,713.033,D:/vid/NSF_VM/PID34/NSF_VM_PlannedDrive/20231128103448VCAP1.mp4,21379,NA,
PID_34,2024-11-07 13:26:54.669,,858.167,Media file(s),player #1:D:/vid/NSF_VM/PID34/NSF_VM_PlannedDrive/20231128103448VCAP1.mp4,0.0,881.732,30.000,,Fixation-Road,,START,713.367,D:/vid/NSF_VM/PID34/NSF_VM_PlannedDrive/20231128103448VCAP1.mp4,21389,NA,
PID_34,2024-11-07 13:26:54.669,,858.167,Media file(s),player #1:D:/vid/NSF_VM/PID34/NSF_VM_PlannedDrive/20231128103448VCAP1.mp4,0.0,881.732,30.000,,Fixation-Road,,STOP,727.667,D:/vid/NSF_VM/PID34/NSF_VM_PlannedDrive/20231128103448VCAP1.mp4,21818,NA,
PID_34,2024-11-07 13:26:54.669,,858.167,Media file(s),player #1:D:/vid/NSF_VM/PID34/NSF_VM_PlannedDrive/20231128103448VCAP1.mp4,0.0,881.732,30.000,,Fixation-iPad,,START,728.033,D:/vid/NSF_VM/PID34/NSF_VM_PlannedDrive/20231128103448VCAP1.mp4,21829,NA,
PID_34,2024-11-07 13:26:54.669,,858.167,Media file(s),player #1:D:/vid/NSF_VM/PID34/NSF_VM_PlannedDrive/20231128103448VCAP1.mp4,0.0,881.732,30.000,,Fixation-iPad,,STOP,728.733,D:/vid/NSF_VM/PID34/NSF_VM_PlannedDrive/20231128103448VCAP1.mp4,21850,NA,
PID_34,2024-11-07 13:26:54.669,,858.167,Media file(s),player #1:D:/vid/NSF_VM/PID34/NSF_VM_PlannedDrive/20231128103448VCAP1.mp4,0.0,881.732,30.000,,Fixation-Road,,START,729.067,D:/vid/NSF_VM/PID34/NSF_VM_PlannedDrive/20231128103448VCAP1.mp4,21860,NA,
PID_34,2024-11-07 13:26:54.669,,858.167,Media file(s),player #1:D:/vid/NSF_VM/PID34/NSF_VM_PlannedDrive/20231128103448VCAP1.mp4,0.0,881.732,30.000,,Fixation-Road,,STOP,734.700,D:/vid/NSF_VM/PID34/NSF_VM_PlannedDrive/20231128103448VCAP1.mp4,22029,NA,
PID_34,2024-11-07 13:26:54.669,,858.167,Media file(s),player #1:D:/vid/NSF_VM/PID34/NSF_VM_PlannedDrive/20231128103448VCAP1.mp4,0.0,881.732,30.000,,Fixation-iPad,,START,735.033,D:/vid/NSF_VM/PID34/NSF_VM_PlannedDrive/20231128103448VCAP1.mp4,22039,NA,
PID_34,2024-11-07 13:26:54.669,,858.167,Media file(s),player #1:D:/vid/NSF_VM/PID34/NSF_VM_PlannedDrive/20231128103448VCAP1.mp4,0.0,881.732,30.000,,Fixation-iPad,,STOP,736.500,D:/vid/NSF_VM/PID34/NSF_VM_PlannedDrive/20231128103448VCAP1.mp4,22082,NA,
PID_34,2024-11-07 13:26:54.669,,858.167,Media file(s),player #1:D:/vid/NSF_VM/PID34/NSF_VM_PlannedDrive/20231128103448VCAP1.mp4,0.0,881.732,30.000,,Fixation-Road,,START,736.833,D:/vid/NSF_VM/PID34/NSF_VM_PlannedDrive/20231128103448VCAP1.mp4,22092,NA,
PID_34,2024-11-07 13:26:54.669,,858.167,Media file(s),player #1:D:/vid/NSF_VM/PID34/NSF_VM_PlannedDrive/20231128103448VCAP1.mp4,0.0,881.732,30.000,,Fixation-Road,,STOP,739.167,D:/vid/NSF_VM/PID34/NSF_VM_PlannedDrive/20231128103448VCAP1.mp4,22162,NA,
PID_34,2024-11-07 13:26:54.669,,858.167,Media file(s),player #1:D:/vid/NSF_VM/PID34/NSF_VM_PlannedDrive/20231128103448VCAP1.mp4,0.0,881.732,30.000,,Fixation-iPad,,START,739.533,D:/vid/NSF_VM/PID34/NSF_VM_PlannedDrive/20231128103448VCAP1.mp4,22173,NA,
PID_34,2024-11-07 13:26:54.669,,858.167,Media file(s),player #1:D:/vid/NSF_VM/PID34/NSF_VM_PlannedDrive/20231128103448VCAP1.mp4,0.0,881.732,30.000,,Fixation-iPad,,STOP,740.667,D:/vid/NSF_VM/PID34/NSF_VM_PlannedDrive/20231128103448VCAP1.mp4,22207,NA,
PID_34,2024-11-07 13:26:54.669,,858.167,Media file(s),player #1:D:/vid/NSF_VM/PID34/NSF_VM_PlannedDrive/20231128103448VCAP1.mp4,0.0,881.732,30.000,,Fixation-Road,,START,741.000,D:/vid/NSF_VM/PID34/NSF_VM_PlannedDrive/20231128103448VCAP1.mp4,22217,NA,
PID_34,2024-11-07 13:26:54.669,,858.167,Media file(s),player #1:D:/vid/NSF_VM/PID34/NSF_VM_PlannedDrive/20231128103448VCAP1.mp4,0.0,881.732,30.000,,Fixation-Road,,STOP,741.467,D:/vid/NSF_VM/PID34/NSF_VM_PlannedDrive/20231128103448VCAP1.mp4,22231,NA,
PID_34,2024-11-07 13:26:54.669,,858.167,Media file(s),player #1:D:/vid/NSF_VM/PID34/NSF_VM_PlannedDrive/20231128103448VCAP1.mp4,0.0,881.732,30.000,,Fixation-iPad,,START,741.833,D:/vid/NSF_VM/PID34/NSF_VM_PlannedDrive/20231128103448VCAP1.mp4,22242,NA,
PID_34,2024-11-07 13:26:54.669,,858.167,Media file(s),player #1:D:/vid/NSF_VM/PID34/NSF_VM_PlannedDrive/20231128103448VCAP1.mp4,0.0,881.732,30.000,,Fixation-iPad,,STOP,742.200,D:/vid/NSF_VM/PID34/NSF_VM_PlannedDrive/20231128103448VCAP1.mp4,22253,NA,
PID_34,2024-11-07 13:26:54.669,,858.167,Media file(s),player #1:D:/vid/NSF_VM/PID34/NSF_VM_PlannedDrive/20231128103448VCAP1.mp4,0.0,881.732,30.000,,Fixation-Road,,START,742.500,D:/vid/NSF_VM/PID34/NSF_VM_PlannedDrive/20231128103448VCAP1.mp4,22262,NA,
PID_34,2024-11-07 13:26:54.669,,858.167,Media file(s),player #1:D:/vid/NSF_VM/PID34/NSF_VM_PlannedDrive/20231128103448VCAP1.mp4,0.0,881.732,30.000,,Fixation-Road,,STOP,746.433,D:/vid/NSF_VM/PID34/NSF_VM_PlannedDrive/20231128103448VCAP1.mp4,22380,NA,
PID_34,2024-11-07 13:26:54.669,,858.167,Media file(s),player #1:D:/vid/NSF_VM/PID34/NSF_VM_PlannedDrive/20231128103448VCAP1.mp4,0.0,881.732,30.000,,Fixation-iPad,,START,747.400,D:/vid/NSF_VM/PID34/NSF_VM_PlannedDrive/20231128103448VCAP1.mp4,22409,NA,
PID_34,2024-11-07 13:26:54.669,,858.167,Media file(s),player #1:D:/vid/NSF_VM/PID34/NSF_VM_PlannedDrive/20231128103448VCAP1.mp4,0.0,881.732,30.000,,Fixation-iPad,,STOP,747.800,D:/vid/NSF_VM/PID34/NSF_VM_PlannedDrive/20231128103448VCAP1.mp4,22421,NA,
PID_34,2024-11-07 13:26:54.669,,858.167,Media file(s),player #1:D:/vid/NSF_VM/PID34/NSF_VM_PlannedDrive/20231128103448VCAP1.mp4,0.0,881.732,30.000,,Fixation-Road,,START,748.133,D:/vid/NSF_VM/PID34/NSF_VM_PlannedDrive/20231128103448VCAP1.mp4,22431,NA,
PID_34,2024-11-07 13:26:54.669,,858.167,Media file(s),player #1:D:/vid/NSF_VM/PID34/NSF_VM_PlannedDrive/20231128103448VCAP1.mp4,0.0,881.732,30.000,,Fixation-Road,,STOP,751.900,D:/vid/NSF_VM/PID34/NSF_VM_PlannedDrive/20231128103448VCAP1.mp4,22544,NA,
PID_34,2024-11-07 13:26:54.669,,858.167,Media file(s),player #1:D:/vid/NSF_VM/PID34/NSF_VM_PlannedDrive/20231128103448VCAP1.mp4,0.0,881.732,30.000,,Fixation-iPad,,START,752.233,D:/vid/NSF_VM/PID34/NSF_VM_PlannedDrive/20231128103448VCAP1.mp4,22554,NA,
PID_34,2024-11-07 13:26:54.669,,858.167,Media file(s),player #1:D:/vid/NSF_VM/PID34/NSF_VM_PlannedDrive/20231128103448VCAP1.mp4,0.0,881.732,30.000,,Meeting Task,,STOP,752.533,D:/vid/NSF_VM/PID34/NSF_VM_PlannedDrive/20231128103448VCAP1.mp4,22563,NA,
PID_34,2024-11-07 13:26:54.669,,858.167,Media file(s),player #1:D:/vid/NSF_VM/PID34/NSF_VM_PlannedDrive/20231128103448VCAP1.mp4,0.0,881.732,30.000,,Meeting Task,,START,752.700,D:/vid/NSF_VM/PID34/NSF_VM_PlannedDrive/20231128103448VCAP1.mp4,22568,NA,
PID_34,2024-11-07 13:26:54.669,,858.167,Media file(s),player #1:D:/vid/NSF_VM/PID34/NSF_VM_PlannedDrive/20231128103448VCAP1.mp4,0.0,881.732,30.000,,Fixation-iPad,,STOP,752.900,D:/vid/NSF_VM/PID34/NSF_VM_PlannedDrive/20231128103448VCAP1.mp4,22574,NA,
PID_34,2024-11-07 13:26:54.669,,858.167,Media file(s),player #1:D:/vid/NSF_VM/PID34/NSF_VM_PlannedDrive/20231128103448VCAP1.mp4,0.0,881.732,30.000,,Fixation-Road,,START,753.267,D:/vid/NSF_VM/PID34/NSF_VM_PlannedDrive/20231128103448VCAP1.mp4,22585,NA,
PID_34,2024-11-07 13:26:54.669,,858.167,Media file(s),player #1:D:/vid/NSF_VM/PID34/NSF_VM_PlannedDrive/20231128103448VCAP1.mp4,0.0,881.732,30.000,,Fixation-Road,,STOP,761.533,D:/vid/NSF_VM/PID34/NSF_VM_PlannedDrive/20231128103448VCAP1.mp4,22833,NA,
PID_34,2024-11-07 13:26:54.669,,858.167,Media file(s),player #1:D:/vid/NSF_VM/PID34/NSF_VM_PlannedDrive/20231128103448VCAP1.mp4,0.0,881.732,30.000,,Fixation-iPad,,START,761.967,D:/vid/NSF_VM/PID34/NSF_VM_PlannedDrive/20231128103448VCAP1.mp4,22846,NA,
PID_34,2024-11-07 13:26:54.669,,858.167,Media file(s),player #1:D:/vid/NSF_VM/PID34/NSF_VM_PlannedDrive/20231128103448VCAP1.mp4,0.0,881.732,30.000,,Fixation-iPad,,STOP,762.633,D:/vid/NSF_VM/PID34/NSF_VM_PlannedDrive/20231128103448VCAP1.mp4,22866,NA,
PID_34,2024-11-07 13:26:54.669,,858.167,Media file(s),player #1:D:/vid/NSF_VM/PID34/NSF_VM_PlannedDrive/20231128103448VCAP1.mp4,0.0,881.732,30.000,,Fixation-Road,,START,763.000,D:/vid/NSF_VM/PID34/NSF_VM_PlannedDrive/20231128103448VCAP1.mp4,22877,NA,
PID_34,2024-11-07 13:26:54.669,,858.167,Media file(s),player #1:D:/vid/NSF_VM/PID34/NSF_VM_PlannedDrive/20231128103448VCAP1.mp4,0.0,881.732,30.000,,Fixation-Road,,STOP,766.700,D:/vid/NSF_VM/PID34/NSF_VM_PlannedDrive/20231128103448VCAP1.mp4,22988,NA,
PID_34,2024-11-07 13:26:54.669,,858.167,Media file(s),player #1:D:/vid/NSF_VM/PID34/NSF_VM_PlannedDrive/20231128103448VCAP1.mp4,0.0,881.732,30.000,,Fixation-iPad,,START,767.033,D:/vid/NSF_VM/PID34/NSF_VM_PlannedDrive/20231128103448VCAP1.mp4,22998,NA,
PID_34,2024-11-07 13:26:54.669,,858.167,Media file(s),player #1:D:/vid/NSF_VM/PID34/NSF_VM_PlannedDrive/20231128103448VCAP1.mp4,0.0,881.732,30.000,,Fixation-iPad,,STOP,768.800,D:/vid/NSF_VM/PID34/NSF_VM_PlannedDrive/20231128103448VCAP1.mp4,23051,NA,
PID_34,2024-11-07 13:26:54.669,,858.167,Media file(s),player #1:D:/vid/NSF_VM/PID34/NSF_VM_PlannedDrive/20231128103448VCAP1.mp4,0.0,881.732,30.000,,Fixation-Road,,START,769.167,D:/vid/NSF_VM/PID34/NSF_VM_PlannedDrive/20231128103448VCAP1.mp4,23062,NA,
PID_34,2024-11-07 13:26:54.669,,858.167,Media file(s),player #1:D:/vid/NSF_VM/PID34/NSF_VM_PlannedDrive/20231128103448VCAP1.mp4,0.0,881.732,30.000,,Fixation-Road,,STOP,776.833,D:/vid/NSF_VM/PID34/NSF_VM_PlannedDrive/20231128103448VCAP1.mp4,23292,NA,
PID_34,2024-11-07 13:26:54.669,,858.167,Media file(s),player #1:D:/vid/NSF_VM/PID34/NSF_VM_PlannedDrive/20231128103448VCAP1.mp4,0.0,881.732,30.000,,Fixation-iPad,,START,777.233,D:/vid/NSF_VM/PID34/NSF_VM_PlannedDrive/20231128103448VCAP1.mp4,23304,NA,
PID_34,2024-11-07 13:26:54.669,,858.167,Media file(s),player #1:D:/vid/NSF_VM/PID34/NSF_VM_PlannedDrive/20231128103448VCAP1.mp4,0.0,881.732,30.000,,Fixation-iPad,,STOP,779.200,D:/vid/NSF_VM/PID34/NSF_VM_PlannedDrive/20231128103448VCAP1.mp4,23363,NA,
PID_34,2024-11-07 13:26:54.669,,858.167,Media file(s),player #1:D:/vid/NSF_VM/PID34/NSF_VM_PlannedDrive/20231128103448VCAP1.mp4,0.0,881.732,30.000,,Fixation-Road,,START,779.533,D:/vid/NSF_VM/PID34/NSF_VM_PlannedDrive/20231128103448VCAP1.mp4,23373,NA,
PID_34,2024-11-07 13:26:54.669,,858.167,Media file(s),player #1:D:/vid/NSF_VM/PID34/NSF_VM_PlannedDrive/20231128103448VCAP1.mp4,0.0,881.732,30.000,,Fixation-Road,,STOP,788.267,D:/vid/NSF_VM/PID34/NSF_VM_PlannedDrive/20231128103448VCAP1.mp4,23635,NA,
PID_34,2024-11-07 13:26:54.669,,858.167,Media file(s),player #1:D:/vid/NSF_VM/PID34/NSF_VM_PlannedDrive/20231128103448VCAP1.mp4,0.0,881.732,30.000,,Fixation-iPad,,START,788.600,D:/vid/NSF_VM/PID34/NSF_VM_PlannedDrive/20231128103448VCAP1.mp4,23645,NA,
PID_34,2024-11-07 13:26:54.669,,858.167,Media file(s),player #1:D:/vid/NSF_VM/PID34/NSF_VM_PlannedDrive/20231128103448VCAP1.mp4,0.0,881.732,30.000,,Fixation-iPad,,STOP,790.767,D:/vid/NSF_VM/PID34/NSF_VM_PlannedDrive/20231128103448VCAP1.mp4,23710,NA,
PID_34,2024-11-07 13:26:54.669,,858.167,Media file(s),player #1:D:/vid/NSF_VM/PID34/NSF_VM_PlannedDrive/20231128103448VCAP1.mp4,0.0,881.732,30.000,,Fixation-Road,,START,791.100,D:/vid/NSF_VM/PID34/NSF_VM_PlannedDrive/20231128103448VCAP1.mp4,23720,NA,
PID_34,2024-11-07 13:26:54.669,,858.167,Media file(s),player #1:D:/vid/NSF_VM/PID34/NSF_VM_PlannedDrive/20231128103448VCAP1.mp4,0.0,881.732,30.000,,Fixation-Road,,STOP,793.733,D:/vid/NSF_VM/PID34/NSF_VM_PlannedDrive/20231128103448VCAP1.mp4,23799,NA,
PID_34,2024-11-07 13:26:54.669,,858.167,Media file(s),player #1:D:/vid/NSF_VM/PID34/NSF_VM_PlannedDrive/20231128103448VCAP1.mp4,0.0,881.732,30.000,,Fixation-iPad,,START,794.067,D:/vid/NSF_VM/PID34/NSF_VM_PlannedDrive/20231128103448VCAP1.mp4,23809,NA,
PID_34,2024-11-07 13:26:54.669,,858.167,Media file(s),player #1:D:/vid/NSF_VM/PID34/NSF_VM_PlannedDrive/20231128103448VCAP1.mp4,0.0,881.732,30.000,,Fixation-iPad,,STOP,794.800,D:/vid/NSF_VM/PID34/NSF_VM_PlannedDrive/20231128103448VCAP1.mp4,23831,NA,
PID_34,2024-11-07 13:26:54.669,,858.167,Media file(s),player #1:D:/vid/NSF_VM/PID34/NSF_VM_PlannedDrive/20231128103448VCAP1.mp4,0.0,881.732,30.000,,Fixation-Road,,START,795.133,D:/vid/NSF_VM/PID34/NSF_VM_PlannedDrive/20231128103448VCAP1.mp4,23840,NA,
PID_34,2024-11-07 13:26:54.669,,858.167,Media file(s),player #1:D:/vid/NSF_VM/PID34/NSF_VM_PlannedDrive/20231128103448VCAP1.mp4,0.0,881.732,30.000,,Fixation-Road,,STOP,807.633,D:/vid/NSF_VM/PID34/NSF_VM_PlannedDrive/20231128103448VCAP1.mp4,24215,NA,
PID_34,2024-11-07 13:26:54.669,,858.167,Media file(s),player #1:D:/vid/NSF_VM/PID34/NSF_VM_PlannedDrive/20231128103448VCAP1.mp4,0.0,881.732,30.000,,Fixation-iPad,,START,807.967,D:/vid/NSF_VM/PID34/NSF_VM_PlannedDrive/20231128103448VCAP1.mp4,24225,NA,
PID_34,2024-11-07 13:26:54.669,,858.167,Media file(s),player #1:D:/vid/NSF_VM/PID34/NSF_VM_PlannedDrive/20231128103448VCAP1.mp4,0.0,881.732,30.000,,Fixation-iPad,,STOP,809.333,D:/vid/NSF_VM/PID34/NSF_VM_PlannedDrive/20231128103448VCAP1.mp4,24266,NA,
PID_34,2024-11-07 13:26:54.669,,858.167,Media file(s),player #1:D:/vid/NSF_VM/PID34/NSF_VM_PlannedDrive/20231128103448VCAP1.mp4,0.0,881.732,30.000,,Fixation-Road,,START,809.667,D:/vid/NSF_VM/PID34/NSF_VM_PlannedDrive/20231128103448VCAP1.mp4,24276,NA,
PID_34,2024-11-07 13:26:54.669,,858.167,Media file(s),player #1:D:/vid/NSF_VM/PID34/NSF_VM_PlannedDrive/20231128103448VCAP1.mp4,0.0,881.732,30.000,,Fixation-Road,,STOP,834.100,D:/vid/NSF_VM/PID34/NSF_VM_PlannedDrive/20231128103448VCAP1.mp4,25009,NA,
PID_34,2024-11-07 13:26:54.669,,858.167,Media file(s),player #1:D:/vid/NSF_VM/PID34/NSF_VM_PlannedDrive/20231128103448VCAP1.mp4,0.0,881.732,30.000,,Fixation-iPad,,START,834.433,D:/vid/NSF_VM/PID34/NSF_VM_PlannedDrive/20231128103448VCAP1.mp4,25019,NA,
PID_34,2024-11-07 13:26:54.669,,858.167,Media file(s),player #1:D:/vid/NSF_VM/PID34/NSF_VM_PlannedDrive/20231128103448VCAP1.mp4,0.0,881.732,30.000,,Fixation-iPad,,STOP,835.100,D:/vid/NSF_VM/PID34/NSF_VM_PlannedDrive/20231128103448VCAP1.mp4,25039,NA,
PID_34,2024-11-07 13:26:54.669,,858.167,Media file(s),player #1:D:/vid/NSF_VM/PID34/NSF_VM_PlannedDrive/20231128103448VCAP1.mp4,0.0,881.732,30.000,,Fixation-Road,,START,835.467,D:/vid/NSF_VM/PID34/NSF_VM_PlannedDrive/20231128103448VCAP1.mp4,25050,NA,
PID_34,2024-11-07 13:26:54.669,,858.167,Media file(s),player #1:D:/vid/NSF_VM/PID34/NSF_VM_PlannedDrive/20231128103448VCAP1.mp4,0.0,881.732,30.000,,Fixation-Road,,STOP,843.867,D:/vid/NSF_VM/PID34/NSF_VM_PlannedDrive/20231128103448VCAP1.mp4,25302,NA,
PID_34,2024-11-07 13:26:54.669,,858.167,Media file(s),player #1:D:/vid/NSF_VM/PID34/NSF_VM_PlannedDrive/20231128103448VCAP1.mp4,0.0,881.732,30.000,,Meeting Task,,STOP,844.233,D:/vid/NSF_VM/PID34/NSF_VM_PlannedDrive/20231128103448VCAP1.mp4,25313,NA,
PID_34,2024-11-07 13:26:54.669,,858.167,Media file(s),player #1:D:/vid/NSF_VM/PID34/NSF_VM_PlannedDrive/20231128103448VCAP1.mp4,0.0,881.732,30.000,,Fixation-iPad,,START,844.333,D:/vid/NSF_VM/PID34/NSF_VM_PlannedDrive/20231128103448VCAP1.mp4,25316,NA,
PID_34,2024-11-07 13:26:54.669,,858.167,Media file(s),player #1:D:/vid/NSF_VM/PID34/NSF_VM_PlannedDrive/20231128103448VCAP1.mp4,0.0,881.732,30.000,,Fixation-iPad,,STOP,845.067,D:/vid/NSF_VM/PID34/NSF_VM_PlannedDrive/20231128103448VCAP1.mp4,25338,NA,
PID_34,2024-11-07 13:26:54.669,,858.167,Media file(s),player #1:D:/vid/NSF_VM/PID34/NSF_VM_PlannedDrive/20231128103448VCAP1.mp4,0.0,881.732,30.000,,Fixation-Road,,START,845.400,D:/vid/NSF_VM/PID34/NSF_VM_PlannedDrive/20231128103448VCAP1.mp4,25348,NA,
PID_34,2024-11-07 13:26:54.669,,858.167,Media file(s),player #1:D:/vid/NSF_VM/PID34/NSF_VM_PlannedDrive/20231128103448VCAP1.mp4,0.0,881.732,30.000,,Fixation-Road,,STOP,847.833,D:/vid/NSF_VM/PID34/NSF_VM_PlannedDrive/20231128103448VCAP1.mp4,25421,NA,
PID_34,2024-11-07 13:26:54.669,,858.167,Media file(s),player #1:D:/vid/NSF_VM/PID34/NSF_VM_PlannedDrive/20231128103448VCAP1.mp4,0.0,881.732,30.000,,Fixation-iPad,,START,848.200,D:/vid/NSF_VM/PID34/NSF_VM_PlannedDrive/20231128103448VCAP1.mp4,25432,NA,
PID_34,2024-11-07 13:26:54.669,,858.167,Media file(s),player #1:D:/vid/NSF_VM/PID34/NSF_VM_PlannedDrive/20231128103448VCAP1.mp4,0.0,881.732,30.000,,Fixation-iPad,,STOP,849.000,D:/vid/NSF_VM/PID34/NSF_VM_PlannedDrive/20231128103448VCAP1.mp4,25456,NA,
PID_34,2024-11-07 13:26:54.669,,858.167,Media file(s),player #1:D:/vid/NSF_VM/PID34/NSF_VM_PlannedDrive/20231128103448VCAP1.mp4,0.0,881.732,30.000,,Fixation-Road,,START,849.300,D:/vid/NSF_VM/PID34/NSF_VM_PlannedDrive/20231128103448VCAP1.mp4,25465,NA,
PID_34,2024-11-07 13:26:54.669,,858.167,Media file(s),player #1:D:/vid/NSF_VM/PID34/NSF_VM_PlannedDrive/20231128103448VCAP1.mp4,0.0,881.732,30.000,,Fixation-Road,,STOP,851.967,D:/vid/NSF_VM/PID34/NSF_VM_PlannedDrive/20231128103448VCAP1.mp4,25545,NA,
PID_34,2024-11-07 13:26:54.669,,858.167,Media file(s),player #1:D:/vid/NSF_VM/PID34/NSF_VM_PlannedDrive/20231128103448VCAP1.mp4,0.0,881.732,30.000,,Fixation-iPad,,START,852.500,D:/vid/NSF_VM/PID34/NSF_VM_PlannedDrive/20231128103448VCAP1.mp4,25561,NA,
PID_34,2024-11-07 13:26:54.669,,858.167,Media file(s),player #1:D:/vid/NSF_VM/PID34/NSF_VM_PlannedDrive/20231128103448VCAP1.mp4,0.0,881.732,30.000,,Fixation-iPad,,STOP,853.667,D:/vid/NSF_VM/PID34/NSF_VM_PlannedDrive/20231128103448VCAP1.mp4,25596,NA,
PID_34,2024-11-07 13:26:54.669,,858.167,Media file(s),player #1:D:/vid/NSF_VM/PID34/NSF_VM_PlannedDrive/20231128103448VCAP1.mp4,0.0,881.732,30.000,,Fixation-Road,,START,854.000,D:/vid/NSF_VM/PID34/NSF_VM_PlannedDrive/20231128103448VCAP1.mp4,25605,NA,
PID_34,2024-11-07 13:26:54.669,,858.167,Media file(s),player #1:D:/vid/NSF_VM/PID34/NSF_VM_PlannedDrive/20231128103448VCAP1.mp4,0.0,881.732,30.000,,Fixation-Road,,STOP,854.200,D:/vid/NSF_VM/PID34/NSF_VM_PlannedDrive/20231128103448VCAP1.mp4,25611,NA,
PID_34,2024-11-07 13:26:54.669,,858.167,Media file(s),player #1:D:/vid/NSF_VM/PID34/NSF_VM_PlannedDrive/20231128103448VCAP1.mp4,0.0,881.732,30.000,,Fixation-iPad,,START,854.467,D:/vid/NSF_VM/PID34/NSF_VM_PlannedDrive/20231128103448VCAP1.mp4,25619,NA,
PID_34,2024-11-07 13:26:54.669,,858.167,Media file(s),player #1:D:/vid/NSF_VM/PID34/NSF_VM_PlannedDrive/20231128103448VCAP1.mp4,0.0,881.732,30.000,,Fixation-iPad,,STOP,855.967,D:/vid/NSF_VM/PID34/NSF_VM_PlannedDrive/20231128103448VCAP1.mp4,25664,NA,
PID_34,2024-11-07 13:26:54.669,,858.167,Media file(s),player #1:D:/vid/NSF_VM/PID34/NSF_VM_PlannedDrive/20231128103448VCAP1.mp4,0.0,881.732,30.000,,Fixation-Road,,START,856.567,D:/vid/NSF_VM/PID34/NSF_VM_PlannedDrive/20231128103448VCAP1.mp4,25682,NA,
PID_34,2024-11-07 13:26:54.669,,858.167,Media file(s),player #1:D:/vid/NSF_VM/PID34/NSF_VM_PlannedDrive/20231128103448VCAP1.mp4,0.0,881.732,30.000,,Virtual Meeting,,STOP,857.467,D:/vid/NSF_VM/PID34/NSF_VM_PlannedDrive/20231128103448VCAP1.mp4,25709,NA,
PID_34,2024-11-07 13:26:54.669,,858.167,Media file(s),player #1:D:/vid/NSF_VM/PID34/NSF_VM_PlannedDrive/20231128103448VCAP1.mp4,0.0,881.732,30.000,,Fixation-Road,,STOP,858.467,D:/vid/NSF_VM/PID34/NSF_VM_PlannedDrive/20231128103448VCAP1.mp4,25739,NA,
PID_34,2024-11-07 13:26:54.669,,858.167,Media file(s),player #1:D:/vid/NSF_VM/PID34/NSF_VM_PlannedDrive/20231128103448VCAP1.mp4,0.0,881.732,30.000,,Start/End Drive,,STOP,870.767,D:/vid/NSF_VM/PID34/NSF_VM_PlannedDrive/20231128103448VCAP1.mp4,26108,NA,
